,0,1
"(2490688, 'D15')",5.022910537851102,0.7972971801309477
"(2490688, 'G06')",-2.5355820716175743,1.0297421201721775
"(2490688, 'H09')",-3.9062172137765954,0.3476134684602951
"(2490688, 'I06')",-7.054932389925882,-4.414940285150154
"(2490688, 'M09')",-22.396320151731167,1.7351005535977735
"(2490688, 'N13')",0.40791694512201376,0.10287023268264761
"(2490688, 'N20')",-2.1207510927957887,-0.6914360176737323
"(2490688, 'F03')",-0.8350275185623267,0.3567063310700812
"(2490688, 'E18')",-16.830377244122648,-4.825503838029504
"(2490688, 'G05')",-11.866433933449954,-3.5357833001763623
"(2490688, 'K22')",-10.995779050278378,1.0294222193248885
"(2490688, 'G18')",-16.548187573640792,1.5737278509818629
"(2490688, 'G22')",-12.28298190373087,-3.9129136368985136
"(2490688, 'K07')",-15.006678019414807,-1.3635366147281058
"(2490688, 'E17')",-21.535339519875393,6.577833647302194
"(2490688, 'I07')",-9.935736939497687,-3.758973852193184
"(2490688, 'J15')",1.730558618259146,1.3824452249677686
"(2490688, 'J14')",1.4925202431568947,-2.5634671438453176
"(2490688, 'I16')",-18.558983242729862,7.0256908466842605
"(2490688, 'G04')",-16.115672865754515,-0.3823175290190981
"(2490688, 'F15')",4.471547380926685,1.94070074794817
"(2490688, 'M12')",-19.581624619847606,15.584704448710045
"(2490688, 'C09')",-7.62420846441398,-3.8020632820499474
"(2490688, 'F14')",3.2115724074758045,3.057171446900724
"(2490688, 'C11')",-14.69840547189161,-1.9189645404594564
"(2490688, 'D10')",0.04694897850027225,0.6656454614344469
"(2490688, 'I04')",-14.357477267276613,-0.15669431988734636
"(2490688, 'C14')",-16.00650430889598,-2.822313097648352
"(2490688, 'M16')",-21.38588049073826,9.540421954559744
"(2490688, 'L06')",-4.175019399825639,2.1471860003972734
"(2490688, 'K04')",-12.656835309395886,-5.039880730570787
"(2490688, 'F07')",-2.5532105158816867,-2.2153814162784284
"(2490688, 'D06')",2.0474186872087197,1.3431997535237148
"(2490688, 'F12')",-5.535935176981218,-2.6543238861659875
"(2490688, 'C17')",-9.92783929586955,-1.838467820153201
"(2490688, 'I14')",-14.441302284191934,-3.804276969114387
"(2490688, 'H03')",0.6932857188168339,2.7183697374442546
"(2490688, 'N15')",2.9536645442503895,5.233932114079661
"(2490688, 'F17')",2.163883704709808,-2.8132905424464245
"(2490688, 'E16')",-10.537657626066459,-0.7232346287274761
"(2490688, 'M22')",-13.35716316721842,11.793823364917909
"(2490688, 'H14')",-15.188617408138242,0.4567597319933389
"(2490688, 'E19')",-11.142815136101204,1.8197559978736535
"(2490688, 'M17')",-19.830599284645753,3.02243970699109
"(2490688, 'H21')",-2.8377391010112984,5.409453041972811
"(2490688, 'N04')",-9.065378214485584,-1.529395415538783
"(2490688, 'J09')",0.23143078245719054,-0.8106665244962364
"(2490688, 'L07')",2.536804251933507,9.220367430556035
"(2490688, 'E03')",-14.911035186588832,-1.6453768577026975
"(2490688, 'N07')",2.663800250933882,6.113651572560386
"(2490688, 'D17')",2.199303978822686,0.48385090132185005
"(2490688, 'L22')",-2.83602525526561,0.7411872861791047
"(2490688, 'L12')",-7.262593058504404,-2.670079644721249
"(2490688, 'I19')",-12.349174896816663,2.8848042683753548
"(2490688, 'K05')",-12.56101380607614,-1.3668811392192708
"(2490688, 'J10')",-1.7263949655474486,-1.227050488125079
"(2490688, 'F13')",-20.70284169270906,-0.2033003007162384
"(2490688, 'K09')",-11.927967577558542,-0.07474732180869333
"(2490688, 'F18')",1.2945364518594957,-0.3645957605360792
"(2490688, 'C22')",-6.720405973970227,-0.8437157385971537
"(2490688, 'D20')",-6.650348059589631,-8.411248301851153
"(2490688, 'H18')",1.134461009123924,1.8326754958994518
"(2490688, 'E08')",-16.2075230703308,0.09861421327675718
"(2490688, 'M10')",-15.4946213333177,17.011380459869926
"(2490688, 'G08')",-2.294432483644448,0.0859768022871003
"(2490688, 'L14')",1.0325834636596782,3.148210622864888
"(2490688, 'N10')",-16.04690268656292,0.9294239023064106
"(2490688, 'K18')",-22.65556636081962,5.56670306320623
"(2490688, 'L20')",-8.51135285451731,-4.090576442608766
"(2490688, 'N16')",-4.816129553360539,-2.1157371454180733
"(2490688, 'K08')",-17.64978675612371,-2.261331358167334
"(2490688, 'E14')",-14.168108034455695,-3.762144932673403
"(2490688, 'J13')",-7.859105824531479,-6.216489814981398
"(2490688, 'E22')",-9.781110593394487,-3.1313488880469094
"(2490688, 'I15')",-11.95514643696605,2.3116815967537376
"(2490688, 'L21')",-3.8294928743944263,-1.2840456312961446
"(2490688, 'G21')",-15.346343673542947,4.000236623107044
"(2490688, 'C13')",-21.61237678247219,2.178010206782613
"(2490688, 'E21')",-16.134680387228393,-2.135956640729003
"(2490688, 'K17')",-20.284083000364223,-0.42165426450165994
"(2490688, 'D21')",-11.621000819354505,-2.3815099430841107
"(2490688, 'G11')",-10.337068947026564,-3.2800252855716754
"(2490688, 'C20')",-11.98416687476372,-3.5945485241147703
"(2490688, 'J04')",-5.204806609139928,-1.356889405779953
"(2490688, 'J17')",-0.35139702736531864,0.5748747882512422
"(2490688, 'H06')",-1.8705816172400196,-0.6692174548165963
"(2490688, 'E05')",-14.463325042513748,-1.7139992401608726
"(2490688, 'L04')",-13.899263078421455,0.9473986946369846
"(2490688, 'G07')",-4.44000197694861,-3.78212866776666
"(2490688, 'K12')",-17.837845779362166,9.355092283450348
"(2490688, 'H20')",0.9946363605531259,4.128282828172124
"(2490688, 'J22')",-0.9865228008953196,2.7571931002008565
"(2490688, 'F05')",-2.5443946590430966,-0.7368055907601835
"(2490688, 'M05')",-22.993945578619183,8.257931619780086
"(2490688, 'D11')",-5.872924444498812,-1.1950329858580875
"(2490688, 'G10')",-13.528639257976005,0.012221129104542887
"(2490688, 'K06')",-8.425469957072924,-1.561460777683802
"(2490688, 'C21')",-17.541493195223474,0.06846877209312446
"(2490688, 'F08')",-1.6866353762352788,4.214929069446284
"(2490688, 'E13')",-20.508442547863513,6.681818643928112
"(2490688, 'F22')",-10.590002939194251,0.05127581500905975
"(2490688, 'C15')",-8.419954281712297,-0.32166245507472774
"(2490688, 'L16')",-0.1701540410366981,8.017532771411492
"(2490688, 'I18')",-14.26586745279285,-0.4835474222882227
"(2490688, 'H13')",-3.285525806554715,-3.4346559064299282
"(2490688, 'C03')",-11.914217705330966,-5.253922268737475
"(2490688, 'J11')",0.05756584720815711,2.5327578604680627
"(2490688, 'L03')",-24.98137896725008,8.346115259693546
"(2490688, 'H04')",-3.387727123347045,-3.4244125386305506
"(2490688, 'D05')",-9.928125667863315,-1.9886445667886248
"(2490688, 'L17')",-2.575354160283183,2.984609571131714
"(2490688, 'G16')",-16.52074235078607,-0.7915517192113739
"(2490688, 'G17')",-21.676760397388705,1.613992706439959
"(2490688, 'F06')",1.2452773175899474,1.5168111755406235
"(2490688, 'H11')",-5.678945821234432,-4.168150706289966
"(2490688, 'E20')",-14.009045379463084,-1.820227025750121
"(2490688, 'N03')",-10.020211542039467,-5.09709119277832
"(2490688, 'M11')",-17.29782260697664,6.584343219744301
"(2490688, 'E07')",-17.982093044108517,3.0956001107730047
"(2490688, 'H17')",-1.2065917155886627,0.6898490527650796
"(2490688, 'F21')",-3.632468768460835,1.3715090782392612
"(2490688, 'N21')",-12.074604806446066,-2.0799584862801983
"(2490688, 'I17')",-10.189920698287306,-4.0702601982322975
"(2490688, 'J06')",2.1229797774603028,1.7813830804248936
"(2490688, 'K20')",-9.698339660601743,-0.03506400600759264
"(2490688, 'M21')",-15.087178244945928,23.507606208378334
"(2490688, 'E06')",-16.909512043834436,-2.2473492998932665
"(2490688, 'J16')",-2.8847373703357913,5.142377744321831
"(2490688, 'L05')",-9.680199165384044,-5.097111112134099
"(2490688, 'D09')",4.001603923311444,6.508930613908004
"(2490688, 'G13')",-14.931269365058736,-1.9145434955844782
"(2490688, 'G14')",-9.753978214241787,-4.428169482413994
"(2490688, 'E11')",-19.842542176853225,6.121477496188339
"(2490688, 'C16')",-9.943638575949453,-1.5445010257635745
"(2490688, 'M08')",-17.953642004690316,15.540663884569618
"(2490688, 'M06')",-25.459556656044782,7.344070515737146
"(2490688, 'F19')",-13.874441524978442,-3.858846218396772
"(2490688, 'D03')",-12.752864880231316,-2.6927677903132317
"(2490688, 'G19')",-26.650325758094173,6.531518139432089
"(2490688, 'K16')",-18.068000362051727,0.5519605642463442
"(2490688, 'E10')",-13.922691710779645,-2.997591263074118
"(2490688, 'I10')",-11.887852260269046,-4.577852786433775
"(2490688, 'C18')",-5.8285806262094875,-2.054222741166454
"(2490688, 'D14')",1.7134867314405542,0.9672389507901739
"(2490688, 'H22')",-3.9117932450179373,1.124695495407764
"(2490688, 'D04')",-2.9685460591863375,5.636044127256952
"(2490688, 'M20')",-20.757504413452466,1.0701495895740991
"(2490688, 'H07')",-3.0810501447223806,-2.475921632672974
"(2490688, 'N12')",-7.261817842564701,-2.008651736219998
"(2490688, 'H16')",-0.48375126577652505,7.31553594370935
"(2490688, 'N08')",-9.348625766453752,-3.719637035245724
"(2490688, 'N19')",-4.442718147857205,0.12149621012786027
"(2490688, 'K15')",-20.310155683497683,2.783535293366881
"(2490688, 'I21')",-11.76525764542173,-3.3813466300845043
"(2490688, 'F20')",-5.79956111539766,-1.8697016563721602
"(2490688, 'M04')",-22.03348564111912,2.5921997530213683
"(2490688, 'D19')",2.1092946951924323,4.677705270850498
"(2490688, 'N14')",0.7910946336188633,4.775825100848834
"(2490688, 'I22')",-6.143590847579691,-4.887022345992469
"(2490688, 'I13')",-21.177773301239156,1.9888374471694175
"(2490688, 'I20')",-17.190141188384114,19.911075721693418
"(2490688, 'I11')",-9.302986006738433,-1.7130602061800293
"(2490688, 'F16')",5.32100995585912,2.550425495886749
"(2490688, 'L15')",-0.5906137153454961,0.27195440935879683
"(2490688, 'K14')",-14.900687914647694,6.292863846999313
"(2490688, 'N11')",-13.196267272895444,-4.795263087276322
"(2490688, 'K11')",-18.742379069666512,2.173993910678533
"(2490688, 'C12')",-21.665317368582635,6.302568460474421
"(2490688, 'N09')",-14.406644706643487,-2.5255949739528103
"(2490688, 'G09')",-2.197457630084084,0.6352981970009379
"(2490688, 'M18')",-27.65515782936439,13.036035036056644
"(2490688, 'N06')",-0.8378563440876347,0.06864745511611403
"(2490688, 'H12')",-3.947457433575888,-2.1116576734414254
"(2490688, 'E15')",-16.174356272068454,-0.9725747679393807
"(2490688, 'D22')",-0.5066177380374873,0.39617216429492697
"(2490688, 'D16')",1.114335193238013,0.7135917147781625
"(2490688, 'F11')",-2.5675049011094044,1.2420003618054385
"(2490688, 'E12')",-18.10549582044851,-2.065865262560453
"(2490688, 'N05')",-0.9399507881427424,0.2507801118101504
"(2490688, 'G20')",-15.385305181895045,-4.115105925981831
"(2490688, 'H05')",-4.127104005615323,-3.789878231467943
"(2490688, 'M19')",-21.69953365031877,7.243644254167327
"(2490688, 'J08')",-3.9254140541268536,-0.7780915789443418
"(2490688, 'N22')",-3.692929583514543,-2.34867430689175
"(2490688, 'N17')",2.9072380282659025,4.7898444870775885
"(2490688, 'G03')",-5.538332091686737,-0.7322189432353161
"(2490688, 'J18')",1.069456735189891,-2.441228511643782
"(2490688, 'J19')",-0.24995955842599857,3.7178734673081526
"(2490688, 'C04')",-13.902565622806616,6.451139408518038
"(2490688, 'D18')",3.256536225160037,4.362454757298141
"(2490688, 'M07')",-16.578982668520606,14.215056000080645
"(2490688, 'I03')",-13.658919261759502,4.329623773791377
"(2490688, 'J05')",-2.5385169949153776,-1.5601144232586703
"(2490688, 'M03')",-20.08573054682554,2.530531223211643
"(2490688, 'D08')",-2.6899388099016153,-3.4649043711200975
"(2490688, 'F04')",-3.5219906713930826,2.501933737693012
"(2490688, 'H19')",-3.3977328266850666,-1.7654188231657217
"(2490688, 'K10')",-18.10949961943547,5.336698478303239
"(2490688, 'L13')",0.6679351522999757,4.412134250267838
"(2490688, 'H15')",-1.4590750898980827,1.6805551686960616
"(2490688, 'K21')",-14.702531724472701,-0.22024024427754166
"(2490688, 'I12')",-23.85759403798549,2.7108134492608102
"(2490688, 'M15')",-25.01234365039034,3.7471459832199603
"(2490688, 'C05')",-14.216814839936957,-0.9524410166128052
"(2490688, 'L10')",-5.253523587719118,-2.9466711707138655
"(2490688, 'L08')",-2.8904805135357146,-1.110824588573769
"(2490688, 'H08')",-1.6809959728090842,1.3001727687005848
"(2490688, 'J21')",-4.4685643868838145,-1.91674126978364
"(2490688, 'D12')",-3.5307510953581867,-0.4177259640811073
"(2490688, 'H10')",-7.514357927756916,-1.838727958300327
"(2490688, 'K13')",-17.445096101809224,3.7888869028107615
"(2490688, 'F09')",-8.718522833292322,-3.1231146360154085
"(2490688, 'L11')",0.37383726301063797,1.1059615249194958
"(2490688, 'L09')",-2.4402444268911148,-2.4602884280641435
"(2490688, 'C19')",-13.78681086613803,0.4389358554382671
"(2490688, 'L18')",-13.310491657110182,-2.800160805900332
"(2490688, 'F10')",-5.306652134801996,-3.0663098307155483
"(2490688, 'E09')",-16.765501497374736,1.788486412755718
"(2490688, 'J03')",-1.0693446635153094,-2.511153895459043
"(2490688, 'I08')",-12.604776678215796,-0.06463346829533932
"(2490688, 'D07')",2.7535293167747246,11.865381297670124
"(2490688, 'M14')",-20.318906371390415,2.8752001609551585
"(2490688, 'I05')",-22.893279496425045,16.26188187149172
"(2490688, 'J07')",2.2378210634508053,1.1771504332614824
"(2490688, 'C07')",-17.71230719214654,2.475819498883756
"(2490688, 'K19')",-14.315243307141209,-4.520987861963804
"(2490688, 'N18')",-0.1888081192850582,4.089222715413037
"(2490688, 'C10')",-21.24014166081445,10.874628594232734
"(2490688, 'J12')",-3.5560382861870954,-6.5278916773146065
"(2490688, 'E04')",-12.540960410204006,-1.2850845929703303
"(2490688, 'G12')",-14.242235246259641,-1.7536641449749066
"(2490688, 'I09')",-21.928077512756904,3.7123036629344393
"(2490688, 'J20')",-10.673254821169566,-2.145588165686348
"(2490688, 'D13')",-10.527246464569904,-2.670484263621851
"(2490688, 'G15')",-11.716102678792094,-0.6397462568010579
"(2490688, 'M13')",-15.97215749066901,10.560889951218481
"(2490688, 'K03')",-12.86130156020513,-4.21267854888174
"(2490688, 'L19')",-1.905267184152398,0.4104204019021468
"(2490688, 'C06')",-17.81631583933941,-0.4018054803916015
"(2490688, 'C08')",-21.14264167791052,8.026224697196911
"(2490689, 'E03')",4.6253363098939975,10.816897219127753
"(2490689, 'D16')",-15.861537126151186,-2.513909037655669
"(2490689, 'N09')",-21.790712403510863,8.655246786801726
"(2490689, 'J08')",-21.06436567822512,1.476792775577954
"(2490689, 'K07')",9.481280300245547,11.176466246242466
"(2490689, 'G15')",7.490652844776166,11.148151480648842
"(2490689, 'N21')",2.997553609498667,1.7839929948833515
"(2490689, 'I14')",-2.370348494986484,-7.287141278944594
"(2490689, 'F14')",-18.57004945713458,7.081111263633058
"(2490689, 'H16')",1.747337056499536,7.986940477272895
"(2490689, 'H03')",-21.995355789882346,5.306930721367732
"(2490689, 'L06')",-8.24393370704156,-3.169860648628772
"(2490689, 'N06')",-14.831056939455973,4.905017171576333
"(2490689, 'I20')",-8.677609885356361,-6.101357858191748
"(2490689, 'G22')",7.807516952484041,8.828185838034214
"(2490689, 'N19')",-22.003796648569985,20.62141921371387
"(2490689, 'M17')",6.134574077572491,7.555026802913189
"(2490689, 'E06')",9.697585820017563,13.303001188126848
"(2490689, 'F17')",-15.075800107057429,-4.273443092332989
"(2490689, 'N13')",-17.426783708657368,3.5841880528292087
"(2490689, 'K21')",7.547535277608709,8.597332820969886
"(2490689, 'F13')",-23.12552290445261,6.94558675031417
"(2490689, 'C22')",6.208658634309156,9.256520203120445
"(2490689, 'E18')",6.135005049465512,10.824850976678269
"(2490689, 'H05')",-21.79522022324086,4.608504317910087
"(2490689, 'M06')",6.759439018288099,4.717919918877132
"(2490689, 'I08')",4.571632059862091,5.548334943420404
"(2490689, 'J19')",-18.79112516890257,2.2012272355568316
"(2490689, 'M16')",6.509015800100624,6.866462090576716
"(2490689, 'N17')",-21.183390057071012,7.255594642245483
"(2490689, 'C08')",6.081708630150689,15.041815122004301
"(2490689, 'F11')",-6.231921171984714,-0.37610134228703834
"(2490689, 'N20')",-21.480553364628264,19.227812079081623
"(2490689, 'L22')",11.429730000736487,11.465492272653174
"(2490689, 'D19')",-26.189937921625692,16.065269475608712
"(2490689, 'K20')",8.056873450641445,14.644346897481922
"(2490689, 'L20')",-18.75788123974248,19.638252165455693
"(2490689, 'D09')",-10.93996851302306,-1.079581472575742
"(2490689, 'G04')",0.9074645881206763,8.22560236813803
"(2490689, 'N11')",-19.694002756039424,0.6888134754982032
"(2490689, 'G18')",9.363298621810381,11.075545778567589
"(2490689, 'L12')",-13.45943713562582,-0.1459053268657992
"(2490689, 'I04')",6.630536772533928,4.8398624568031625
"(2490689, 'D13')",-18.0182658208416,4.935770441291472
"(2490689, 'D12')",-10.316043080063793,-0.43501405020790185
"(2490689, 'N12')",-19.38734035648187,2.0003982227791464
"(2490689, 'D20')",-20.285325895503743,11.45313684998415
"(2490689, 'H22')",2.2973262240154515,2.63157776985081
"(2490689, 'G19')",-1.1332380609682247,1.328258908792124
"(2490689, 'K16')",7.243097633222273,8.691387685543914
"(2490689, 'H12')",-5.639285440549473,-0.594216529701775
"(2490689, 'K10')",4.581217643816942,1.7416852331578003
"(2490689, 'E08')",7.582350578890007,13.425267066817858
"(2490689, 'C12')",8.502423968556563,17.18692605063806
"(2490689, 'G10')",1.493939973364907,4.389997805904791
"(2490689, 'L18')",-27.9155468370866,10.292580605056227
"(2490689, 'L16')",-8.72870480972992,2.5961560578947442
"(2490689, 'N08')",-25.66201017654475,11.422205472854676
"(2490689, 'G07')",9.85062670752709,10.239792699161987
"(2490689, 'J05')",-11.35249587425687,-0.31146346662459745
"(2490689, 'I15')",4.58746452409852,7.228327161995341
"(2490689, 'E17')",3.827710478794017,5.0502525319171
"(2490689, 'L21')",6.7838453763156785,6.4880978334831
"(2490689, 'F10')",-22.645394759473348,-0.5551868492980052
"(2490689, 'L17')",-21.28327859907635,2.8713681273931178
"(2490689, 'M03')",6.214634114376182,6.954340999601429
"(2490689, 'J15')",-3.6683364669189884,-2.0211156309541254
"(2490689, 'F04')",-16.609978961741064,-1.5578991279460348
"(2490689, 'H19')",-0.9588951385490584,0.3820198300203911
"(2490689, 'K04')",7.369057802616525,6.684527063350658
"(2490689, 'J10')",-12.522699217180339,3.303065894775291
"(2490689, 'C17')",-10.050837338684326,-4.308057743838005
"(2490689, 'D10')",-18.652396078686788,0.06474147362950576
"(2490689, 'M08')",7.4264779587777285,5.909619577540206
"(2490689, 'I11')",6.801781084696219,6.97458199520225
"(2490689, 'H13')",-3.0114118862439008,-3.398049639686031
"(2490689, 'E21')",-0.3870227603332247,4.569279637271723
"(2490689, 'C03')",9.96816995449225,12.158173532197193
"(2490689, 'G20')",8.15373835360715,10.155495477970051
"(2490689, 'K09')",9.515291218595891,15.785568079020047
"(2490689, 'M11')",3.280343071909622,5.674750215554801
"(2490689, 'E19')",6.653279341439147,7.287692846217738
"(2490689, 'L04')",-12.710770126404345,2.29239771198898
"(2490689, 'H17')",6.446939968082888,7.419393924622636
"(2490689, 'C10')",7.037601035027191,13.048869498424516
"(2490689, 'G12')",2.352972820570366,3.0616482770516353
"(2490689, 'J18')",-7.502399325586084,-3.142552701253158
"(2490689, 'J06')",-5.96092967495896,-2.5495181191294476
"(2490689, 'L11')",-3.6717152463118197,0.5875352410432817
"(2490689, 'H04')",-25.457737928447877,-0.2764336120078132
"(2490689, 'L10')",-15.36338463037329,-2.1046185612006254
"(2490689, 'H09')",-22.82348868662596,4.077823940078627
"(2490689, 'H14')",-15.33775960413392,5.092942250094011
"(2490689, 'E11')",8.211301830118407,8.007682644888321
"(2490689, 'D11')",-20.590949389380015,6.385525045069573
"(2490689, 'D22')",9.20833120139394,12.955130171935467
"(2490689, 'K18')",5.58657492558507,5.849431394153944
"(2490689, 'K08')",6.072412576718229,2.0795870903185665
"(2490689, 'E16')",7.813861766920212,13.590543963921542
"(2490689, 'C15')",8.520429728652575,15.523852127142588
"(2490689, 'M10')",-0.40950163434991066,-0.08789943290588322
"(2490689, 'D15')",-14.434143392270531,0.27777152734222443
"(2490689, 'N16')",-14.800146301074573,5.279176220939206
"(2490689, 'K12')",1.3283390513088955,5.502425950207777
"(2490689, 'G16')",8.39102232953896,4.176531982191189
"(2490689, 'N04')",-18.654074757942574,9.70043085143629
"(2490689, 'H10')",-16.341793395769066,1.21744474068679
"(2490689, 'G17')",7.453122556238021,11.248195177455155
"(2490689, 'F05')",-18.850080064369674,3.6491388192147505
"(2490689, 'J11')",-12.077574392381974,0.5591563697812808
"(2490689, 'F09')",-13.400632137723113,-2.340515965159025
"(2490689, 'D21')",-16.654270640625988,16.27916722714208
"(2490689, 'J03')",-15.804594255940618,-1.6187071681381353
"(2490689, 'E14')",4.476470170039196,1.7008580664470714
"(2490689, 'E04')",5.4449343720363155,2.0763535243762496
"(2490689, 'D14')",-6.544026793373398,0.953925312430089
"(2490689, 'J09')",-22.076196105670565,1.091308578061897
"(2490689, 'G03')",8.946729644313118,6.8285357019595425
"(2490689, 'F08')",-15.42908970302752,-0.44460887216581013
"(2490689, 'K19')",8.081445813895884,6.2506842403374945
"(2490689, 'G05')",4.23361551860752,10.633463807175897
"(2490689, 'I06')",5.209480522283357,3.6859091458220954
"(2490689, 'E20')",5.948412892740925,3.2014509312239277
"(2490689, 'K17')",7.89510960624799,10.216044734068713
"(2490689, 'N03')",-19.23876938067302,15.754186993032496
"(2490689, 'F07')",-15.177830420474178,0.008132654154415752
"(2490689, 'D06')",-14.10244902147999,0.8329382735555725
"(2490689, 'N15')",-19.25093493378481,8.377509134646756
"(2490689, 'G14')",9.750039180695774,11.009121242378178
"(2490689, 'D18')",-18.799365789731336,4.351803124742812
"(2490689, 'C09')",10.645390201895806,9.485251163728261
"(2490689, 'I16')",4.658727190027056,4.901403593615834
"(2490689, 'E10')",8.236138399964046,9.694588078350444
"(2490689, 'J16')",-6.576276056767288,4.333118229963728
"(2490689, 'D17')",-10.098072536382736,-2.1836303498759637
"(2490689, 'N05')",-15.194888373726974,4.432023353033535
"(2490689, 'D03')",-20.980478499081936,9.73334781451143
"(2490689, 'D04')",-15.675379671827585,10.915876943181045
"(2490689, 'L05')",-19.85315872970853,-0.41190727499408303
"(2490689, 'L03')",-13.977547724206161,21.630715334770525
"(2490689, 'E22')",6.44362001755464,11.22678459884726
"(2490689, 'M20')",5.236147011823547,7.256760090685781
"(2490689, 'F20')",-23.017039598840043,17.73342026091002
"(2490689, 'G21')",6.834344609576074,16.64304097273913
"(2490689, 'C06')",8.626400829731564,10.32604224538366
"(2490689, 'M07')",6.860673883414818,15.79981843075208
"(2490689, 'K11')",4.15150007857035,3.550096586271401
"(2490689, 'I17')",5.739141467764738,0.6781572943283773
"(2490689, 'H20')",6.656431685802116,14.51486326026875
"(2490689, 'C07')",6.611116723260542,14.862966933697017
"(2490689, 'J07')",-14.598643857518558,-3.22104410205425
"(2490689, 'K06')",7.678584889169993,9.897105650749698
"(2490689, 'J22')",9.044608724602297,15.168814308925642
"(2490689, 'E09')",7.774441894314131,7.142943526865552
"(2490689, 'C18')",9.456725771961507,9.085636657335426
"(2490689, 'L15')",-8.047147235856242,-2.885027191807637
"(2490689, 'I13')",5.388368296483715,9.555594967577054
"(2490689, 'C11')",9.925867033562957,24.94372807918258
"(2490689, 'F22')",3.4003369392427687,7.578477831954639
"(2490689, 'K14')",5.91602317929014,6.08095838003389
"(2490689, 'E12')",8.623125522834295,8.028371010135203
"(2490689, 'M19')",9.384283256965212,12.313446877011312
"(2490689, 'C05')",7.26301943364624,10.112681591713656
"(2490689, 'H15')",-8.313943872822946,-0.27014342334442965
"(2490689, 'F03')",-18.338643227334178,0.6659487577391247
"(2490689, 'K13')",7.874282236470013,7.430449649840143
"(2490689, 'M12')",6.781454417166794,2.008720128882066
"(2490689, 'H06')",-20.224482948937254,4.9711068460488015
"(2490689, 'I19')",2.9606807446030246,4.615609723186057
"(2490689, 'I12')",0.2317067052557758,4.45344571223279
"(2490689, 'I03')",3.467311068381644,14.404978060780033
"(2490689, 'C04')",-3.59714345250842,1.1063955471303146
"(2490689, 'M22')",9.013053006860153,12.817054666109811
"(2490689, 'D08')",-14.641400721493905,-0.6696405730937144
"(2490689, 'L19')",-19.055753632253428,17.81775448704265
"(2490689, 'M18')",9.103920717386819,8.64369860705436
"(2490689, 'M09')",9.323846723362793,12.374393182883951
"(2490689, 'I05')",6.347536001645543,0.21847378766749107
"(2490689, 'N18')",-20.26736456776543,5.089688364313963
"(2490689, 'F19')",-25.216143900357775,18.384556701990025
"(2490689, 'C21')",4.435682812249763,12.865427324276624
"(2490689, 'N14')",-18.321076557918378,-0.009801666830245578
"(2490689, 'I22')",8.885289522476903,13.48776459625663
"(2490689, 'J21')",6.606189322963709,8.89223725939005
"(2490689, 'J17')",-4.258265882090715,-2.055653353389753
"(2490689, 'K03')",4.841280968998419,4.237310908043386
"(2490689, 'E07')",3.1964936266597364,1.6917110332337681
"(2490689, 'G08')",5.612920135472614,12.5193684957583
"(2490689, 'H08')",-9.703848653279895,-0.7040421567702773
"(2490689, 'M14')",7.1665970033148785,6.25559119768049
"(2490689, 'F16')",-5.9436503383775285,-0.24854549661526654
"(2490689, 'E05')",5.360582752064415,2.5208416239491385
"(2490689, 'G13')",3.1511305827382383,1.467083142168381
"(2490689, 'I21')",5.433459910551618,10.114863620991217
"(2490689, 'K05')",6.283228117574943,8.28058556959475
"(2490689, 'F18')",-12.026655020490479,-2.8704347430465544
"(2490689, 'G11')",2.0202584381401025,6.85284354932828
"(2490689, 'H21')",4.783748610332537,10.238403217086324
"(2490689, 'C16')",9.46280325172902,10.324762287216872
"(2490689, 'H18')",2.2576813565751346,4.686153160424107
"(2490689, 'F15')",-13.066769616896243,-5.141625156898349
"(2490689, 'K22')",8.62236723672912,11.747211937777454
"(2490689, 'H07')",-16.296831788793792,-1.3874262622967488
"(2490689, 'N07')",-19.424808045234606,4.619708227289683
"(2490689, 'E15')",7.785338138578908,6.866016288863823
"(2490689, 'G06')",4.865010730653815,12.728970977455242
"(2490689, 'L13')",-8.45497911337778,-0.10435034345429266
"(2490689, 'I18')",4.343351658874733,6.26691787210361
"(2490689, 'C19')",7.358676051968383,10.687422373829486
"(2490689, 'N22')",11.978912640945564,12.151907174087368
"(2490689, 'H11')",-21.877697597527643,-2.850428497863916
"(2490689, 'J04')",-12.484778421294358,-4.73084034340106
"(2490689, 'F21')",-20.43041869669859,19.051557495043465
"(2490689, 'J13')",-19.256882981955517,-3.214131588671587
"(2490689, 'M21')",-4.321629455342653,-0.2725443345193634
"(2490689, 'K15')",2.3368598061438086,8.216963837556369
"(2490689, 'C14')",5.972474723611905,4.270797824646266
"(2490689, 'E13')",9.103596335733942,9.99124922183778
"(2490689, 'J20')",-3.876544628136796,-1.6985050522500729
"(2490689, 'M15')",7.523507940840772,13.32731287910899
"(2490689, 'L14')",-3.1699602182981397,0.6599890527339004
"(2490689, 'G09')",7.8584601047617175,8.930657226401385
"(2490689, 'L08')",-14.558636568612139,-0.4859037161575572
"(2490689, 'D07')",-6.7905298233496625,0.2991537167639098
"(2490689, 'I10')",5.117023537310656,-3.352995053583961
"(2490689, 'F06')",-12.18399931686899,-2.9747483742583096
"(2490689, 'D05')",-15.826767536656133,-2.7910308152163346
"(2490689, 'C13')",3.8448343130320164,7.703553365464613
"(2490689, 'L09')",-14.830235193376193,-4.597739093612637
"(2490689, 'M05')",5.0991692219332405,3.562743513167277
"(2490689, 'L07')",-3.8649538438169007,3.941665374836804
"(2490689, 'M04')",7.487476421080693,5.751975167804788
"(2490689, 'N10')",-19.657192700270052,4.66985749417039
"(2490689, 'F12')",-6.042810429968205,-3.3920742719602557
"(2490689, 'C20')",8.928607467952117,14.471381443702974
"(2490689, 'J12')",-13.506592946218769,-4.770873678704755
"(2490689, 'J14')",-9.915034013923627,-2.4791226938202264
"(2490689, 'I09')",6.003798945284844,14.808947231688578
"(2490689, 'M13')",2.9524691494763378,1.4338066832875804
"(2490689, 'I07')",7.007611410602426,9.84003290026943
"(2490695, 'E16')",4.114270094383729,-0.7603953654642754
"(2490695, 'K08')",1.7444876315528735,-0.6142875706498604
"(2490695, 'N13')",5.41765560953983,1.5513343464011888
"(2490695, 'D12')",1.4381912094721891,-1.4250920490628298
"(2490695, 'N17')",3.5069414187731036,-4.612274291099154
"(2490695, 'M19')",5.1342438871312694,0.07066906395885504
"(2490695, 'J06')",3.1307173630651257,-4.061212431930531
"(2490695, 'K04')",2.445312805396791,1.255034918125893
"(2490695, 'I04')",-3.096298401908671,-6.213284355207277
"(2490695, 'D21')",-2.010069756546106,0.598189725359315
"(2490695, 'I11')",3.010088976668449,0.39042855575445706
"(2490695, 'G12')",-19.447770116551677,-2.978294504464861
"(2490695, 'E09')",4.08977093704953,2.5741746393093785
"(2490695, 'L21')",6.968771714832662,3.8212965288424865
"(2490695, 'L09')",4.176601396732185,-1.837615188618132
"(2490695, 'E18')",2.9066496374325665,-3.6233832817601472
"(2490695, 'F18')",1.1077246006402188,-7.237186257026342
"(2490695, 'M11')",5.108538705112642,2.1596361110684477
"(2490695, 'K07')",2.263851039859484,1.2796920782745573
"(2490695, 'F19')",1.970439778172786,-2.655830957395092
"(2490695, 'C05')",1.303258784104076,-3.263907273751719
"(2490695, 'J03')",5.356477741412832,-0.8029946597293658
"(2490695, 'H07')",-1.861321455283843,-4.870945999546454
"(2490695, 'C19')",-5.627552011747248,-3.4512518343674348
"(2490695, 'H06')",4.471591641970005,3.4911081449043158
"(2490695, 'E04')",1.4283845648895144,0.5462832028292954
"(2490695, 'C15')",-1.2059513201345642,-6.681145777772323
"(2490695, 'F17')",5.366034230394401,0.8500989307973487
"(2490695, 'E10')",3.729384750584011,3.3999824963111047
"(2490695, 'H10')",-2.3579937449353765,-0.4237033180342213
"(2490695, 'G08')",-11.658786152793288,-2.3892625227020536
"(2490695, 'M05')",6.345087059708686,-0.47965765237831376
"(2490695, 'N06')",4.641495123378085,7.655756524747395
"(2490695, 'K20')",-2.648337248153767,-9.629810539946348
"(2490695, 'C09')",3.4299672599057947,0.41333718156219973
"(2490695, 'F10')",2.3918348835190617,-1.2646943368628576
"(2490695, 'E11')",-2.652104812742403,-0.7210974013246187
"(2490695, 'I05')",5.743086267811746,2.8046321709703568
"(2490695, 'J15')",3.53518406932464,-0.3404852644944684
"(2490695, 'K16')",1.644644195960082,3.7514266641940766
"(2490695, 'M07')",1.0035114018417641,-5.164958947928595
"(2490695, 'N16')",6.565644677864213,1.2826199759221295
"(2490695, 'L16')",4.543930503708212,5.1826766746650845
"(2490695, 'E22')",4.553336738580663,1.449706440981264
"(2490695, 'D14')",-0.10120518573669597,-4.375369592565038
"(2490695, 'M09')",1.4943679664331186,-10.398943718731264
"(2490695, 'D15')",-2.3171905117734055,-12.666067507326051
"(2490695, 'I15')",1.8974779205768406,-2.5274141933689585
"(2490695, 'J14')",2.686203499880889,-2.1594783946279756
"(2490695, 'D07')",-2.1380621092604617,-4.143772048552082
"(2490695, 'F20')",3.912252037227203,-0.3499081774537916
"(2490695, 'I06')",3.181936354883907,5.303625630692343
"(2490695, 'M03')",4.219372459534366,-1.556095966905457
"(2490695, 'M18')",2.174772373401927,3.967213309739161
"(2490695, 'G18')",4.820720517000316,3.6501425854820044
"(2490695, 'C08')",1.432267864782531,3.9701279842811728
"(2490695, 'G06')",3.802785374081636,2.785550478082644
"(2490695, 'F05')",-1.8562252543627356,-0.942548999736478
"(2490695, 'E21')",-7.411343044882098,-4.062479849666627
"(2490695, 'G05')",5.192618773109334,2.46974797945398
"(2490695, 'J16')",3.966242142592061,7.484056642475476
"(2490695, 'L14')",-9.198458865588245,-10.533591733287011
"(2490695, 'G14')",1.8361030887222576,-11.094181675997854
"(2490695, 'E20')",1.9340357566827309,1.5080510963658633
"(2490695, 'J10')",3.403767752571866,-0.5573684782331078
"(2490695, 'I19')",-6.540554109064033,-2.583387196934672
"(2490695, 'I14')",-0.730094691696398,-1.7317930703889632
"(2490695, 'L20')",1.2961856550034234,1.5492983186151432
"(2490695, 'I21')",2.9672570288854425,-7.891223859332697
"(2490695, 'N03')",3.70522816076299,-0.47235214377243195
"(2490695, 'G04')",4.732658691451302,-2.758083323620882
"(2490695, 'H08')",5.289280155460653,6.40997338492871
"(2490695, 'D06')",4.193827649892236,0.6050319940471557
"(2490695, 'G13')",-0.45923965265722516,-4.665335518134552
"(2490695, 'C04')",-16.257438865736763,0.9024996552982835
"(2490695, 'F08')",1.3153391073551925,-0.5994610965197901
"(2490695, 'D18')",-1.4590644112276463,-2.7504770199227693
"(2490695, 'J18')",5.076146240525397,3.959879981087069
"(2490695, 'J12')",2.8469964102939795,-2.341207641597452
"(2490695, 'F06')",2.4558303054303305,2.1399397818156713
"(2490695, 'F16')",1.9054073137667924,-4.243679062988365
"(2490695, 'G17')",2.3854886426892423,2.779565862164017
"(2490695, 'D09')",2.0856472236950476,-5.396259540351079
"(2490695, 'D10')",2.780044644227305,1.3816212955287255
"(2490695, 'C14')",1.1540612746185326,-3.0819361927570856
"(2490695, 'L18')",-0.22235187841432896,-2.7063238105227847
"(2490695, 'D22')",0.027507288066468922,-5.937697033578799
"(2490695, 'E08')",3.015713758908379,-3.597834549977732
"(2490695, 'K05')",0.37393214353409654,-0.9246277043767404
"(2490695, 'E06')",2.6563479406094106,-4.0483294254758295
"(2490695, 'G09')",4.351124093613449,0.06000219130978545
"(2490695, 'C07')",2.1195814351326674,0.7487358038031122
"(2490695, 'H04')",1.7491011979080482,-1.1027718188439322
"(2490695, 'F04')",2.9109484843109734,0.3264543265086156
"(2490695, 'N09')",5.553213513251998,-0.8143524184674346
"(2490695, 'F03')",1.0821792396626593,-5.14301862818677
"(2490695, 'G10')",-1.4366260879905062,-0.9446689265014799
"(2490695, 'H19')",1.8394909799639656,-1.5096977885774023
"(2490695, 'K06')",4.077886706741335,2.976897456800747
"(2490695, 'H16')",5.506890833623846,0.7732002954210244
"(2490695, 'J11')",0.12618910425547913,-7.901306060826053
"(2490695, 'C18')",-2.3017620896787534,-7.845177357269253
"(2490695, 'H21')",4.623923425717691,-1.0344028338150812
"(2490695, 'N10')",5.049483530271196,5.6224651188300765
"(2490695, 'K14')",3.873225074362959,0.9816742302387567
"(2490695, 'L08')",6.066786583673928,1.1707731474919978
"(2490695, 'K13')",2.258924686802987,-0.6689520927496669
"(2490695, 'J13')",4.034920036449652,-0.10999276381139815
"(2490695, 'L07')",5.65109807550777,3.155151868588489
"(2490695, 'N15')",4.335841448965194,0.30559308918485034
"(2490695, 'G03')",4.537688666692855,-0.31537076579743756
"(2490695, 'H05')",4.1282727968398065,-4.177300379095241
"(2490695, 'E19')",3.8039833121013125,-2.283662526896071
"(2490695, 'I16')",-1.1782369011283955,-2.788520591133219
"(2490695, 'F14')",2.4683842069888833,3.2009942811030774
"(2490695, 'K19')",1.8168638042747862,-2.761810597929991
"(2490695, 'M04')",3.121389302202825,-3.9786599315142084
"(2490695, 'K18')",3.2477821008733585,2.0636923872288775
"(2490695, 'F21')",5.531749661412252,3.745027087345079
"(2490695, 'D17')",3.513649974541193,-1.345834026291795
"(2490695, 'D04')",-1.9200823892815397,4.255117123895096
"(2490695, 'N21')",-10.013797070982644,-6.3107369031118505
"(2490695, 'D05')",-6.23814604031467,-8.246734709269921
"(2490695, 'M12')",3.6746655372862325,1.3823134865985112
"(2490695, 'F07')",0.6645263895464493,-3.9976158816396117
"(2490695, 'D16')",-4.234191097942366,-11.40437466242611
"(2490695, 'K21')",3.982697572789039,4.155476031432173
"(2490695, 'D19')",-2.399952760992593,-5.819820969603407
"(2490695, 'C17')",-6.0299178270267495,-4.143928207173952
"(2490695, 'H17')",0.436549053446562,-6.109782207527116
"(2490695, 'L19')",4.554749098889502,4.3157566136674115
"(2490695, 'N14')",-1.460485740307418,4.795028400634105
"(2490695, 'C21')",-12.188382302974922,-4.442450372530194
"(2490695, 'H11')",0.2849001427914898,-1.279229407109288
"(2490695, 'J22')",4.030169696989487,-0.7308891372624979
"(2490695, 'E03')",1.752742892101844,-1.0774698309948787
"(2490695, 'E12')",4.938526023919332,1.4713045005508156
"(2490695, 'M17')",4.561302148925914,-2.4287851315269435
"(2490695, 'J08')",-0.9113176320555251,-5.3617465908810145
"(2490695, 'L06')",3.939671803185949,-1.6678068953921745
"(2490695, 'M16')",7.3936757985600545,0.746181987946286
"(2490695, 'N07')",4.463669982919208,1.3493316118065126
"(2490695, 'L22')",3.730979069161274,0.9850272859139301
"(2490695, 'L17')",5.190688076226791,-2.7962266791847203
"(2490695, 'L15')",6.165337346494509,6.317818691421991
"(2490695, 'K03')",2.7556147647805345,4.236430066034107
"(2490695, 'H14')",-14.854673135475808,-1.5937494581480596
"(2490695, 'J19')",-3.4225200996622736,-5.954427477434867
"(2490695, 'C12')",0.26914162527048446,-8.94651612278822
"(2490695, 'M13')",1.7566753164021118,-0.8223228023470315
"(2490695, 'C20')",-3.6707235192337295,-3.5952480186216693
"(2490695, 'K15')",8.388578126322013,6.056116921344261
"(2490695, 'I12')",-4.2998763338559165,-8.333932255759173
"(2490695, 'J17')",3.564905659030471,3.6881401802848264
"(2490695, 'D20')",-9.129510151341677,-10.709206443403708
"(2490695, 'N22')",5.552968887105921,-1.4103257977111716
"(2490695, 'H20')",2.9664401929836988,-2.900015108695371
"(2490695, 'E07')",1.4904141387441656,1.4188826334557127
"(2490695, 'C13')",0.5400389883595679,-3.6610972650394853
"(2490695, 'K11')",-1.3129003391328358,-3.387390168184848
"(2490695, 'G19')",3.4944412230211523,3.646179825569646
"(2490695, 'M22')",6.802054027377471,6.272555853270722
"(2490695, 'I03')",3.601081766197583,2.249695106654799
"(2490695, 'G21')",3.5035322239701463,-4.301905687084295
"(2490695, 'N12')",4.583765743353609,4.096549411877813
"(2490695, 'J05')",2.8184560842730573,7.6605375148271255
"(2490695, 'M21')",-15.20498691275664,-3.1426193129676574
"(2490695, 'I10')",5.956013266420021,0.7531538125934392
"(2490695, 'L11')",3.7482629640566003,2.198088248434634
"(2490695, 'I13')",3.5189534053682805,1.0914876022062
"(2490695, 'G07')",3.3416129372831422,4.139293545527245
"(2490695, 'F09')",-2.727108646622419,-3.6533357678783793
"(2490695, 'L04')",3.590939040791487,1.8298462851880788
"(2490695, 'H15')",1.4173302257158469,-0.23569621969725993
"(2490695, 'J09')",2.5469325689993747,-0.41282849327787297
"(2490695, 'E13')",3.311321454740875,-6.633124006482667
"(2490695, 'G16')",0.5714300355474157,-5.047290800003108
"(2490695, 'L05')",5.0198012078308105,4.335307361174604
"(2490695, 'D08')",-1.3972281192110687,-0.23661154652221453
"(2490695, 'D03')",-19.49529760025357,1.3354524365144824
"(2490695, 'G11')",0.2034002457813958,1.3167648875552465
"(2490695, 'N19')",2.5272248408572624,-2.6380777089730767
"(2490695, 'F15')",5.12857599338794,4.567915458159744
"(2490695, 'N11')",3.9929132970739496,2.699297497134443
"(2490695, 'I08')",3.5650233000553437,-0.536365256264702
"(2490695, 'H22')",4.961590298710275,0.22436173306073445
"(2490695, 'K22')",5.486919602552735,0.9685050068936174
"(2490695, 'K17')",5.45385253925495,1.159591921849258
"(2490695, 'C03')",1.13418504010288,-6.522032073954617
"(2490695, 'I18')",5.999886914261009,1.0065116755518773
"(2490695, 'J07')",4.734233219600659,-3.169196537583323
"(2490695, 'C10')",5.337332956490244,-1.6467782927111145
"(2490695, 'I20')",6.338416427450637,2.4464742227546536
"(2490695, 'I09')",3.8996544394459747,2.8455442328882086
"(2490695, 'C16')",-2.898893424659052,-5.366725645461237
"(2490695, 'E17')",3.900067469139125,-0.9741319503826543
"(2490695, 'H09')",-3.026909672214192,0.0741518212161669
"(2490695, 'G22')",2.0772826362390546,-7.820318553737202
"(2490695, 'E05')",-1.487103459568171,-8.524345626058107
"(2490695, 'L10')",1.087243694808333,-4.182853565161194
"(2490695, 'J04')",4.730308756491503,0.10330476379526614
"(2490695, 'L13')",4.438752289913042,5.082036346569767
"(2490695, 'I22')",4.815781254219009,-2.758133863936884
"(2490695, 'N20')",4.738758735332443,1.2307105289742573
"(2490695, 'C06')",-2.8304546112548947,-9.677505654642337
"(2490695, 'N05')",6.062876387169276,-1.0659351407278823
"(2490695, 'J21')",1.0985334174026877,-1.4510593121829214
"(2490695, 'H13')",4.670756880706453,-0.07556026627749926
"(2490695, 'J20')",3.227599205218242,4.852420279801348
"(2490695, 'F22')",-9.304461673038151,-12.267279359062899
"(2490695, 'K12')",-6.372577561748119,-2.2948472235697466
"(2490695, 'N08')",2.6068171748116766,-0.5464814847153696
"(2490695, 'C11')",2.1133846901250606,-1.3334849873846975
"(2490695, 'I17')",5.842353488151906,4.597927969172263
"(2490695, 'G20')",6.536479654944232,-0.11975476566617217
"(2490695, 'K09')",-1.1376382412561827,-6.205519942942071
"(2490695, 'N18')",5.835203829298155,3.0087274625179905
"(2490695, 'N04')",5.10476157250969,2.958223285323302
"(2490695, 'M06')",5.120639257695515,-0.3473150922000623
"(2490695, 'L12')",3.3457746767701604,-4.036304964198725
"(2490695, 'H18')",5.579806730152458,0.9500905695906634
"(2490695, 'H12')",3.1327291043216845,-0.5104874657703311
"(2490695, 'M10')",3.1179813037727784,-5.102044679849797
"(2490695, 'E15')",6.468663815702618,-2.2862777153580303
"(2490695, 'M08')",6.416381387084813,3.528722068327805
"(2490695, 'L03')",0.388707293412725,-0.6079039693587618
"(2490695, 'F11')",3.36906024273694,0.5780922244367034
"(2490695, 'D11')",-2.7375317179141323,-10.131262634237173
"(2490695, 'C22')",-18.527891469369028,-4.298302233601292
"(2490695, 'I07')",4.6272695042877805,0.39707162119294886
"(2490695, 'M14')",6.3248526863013135,2.4491083194288317
"(2490695, 'M20')",3.804667005958014,-4.009963004101379
"(2490695, 'F12')",6.171305829585939,4.072468128422744
"(2490695, 'K10')",5.570609833528706,4.407749812822154
"(2490695, 'E14')",-1.8992374780789671,-5.4984227280927565
"(2490695, 'D13')",0.9932736101662745,-0.9241989243026597
"(2490695, 'H03')",3.0141784501474076,-1.1668203832856685
"(2490695, 'G15')",3.9195075023949175,-0.9621168867793088
"(2490695, 'F13')",4.2614776653997435,-1.7959222069886929
"(2490695, 'M15')",1.8895849765832613,5.066770696480567
"(2490701, 'G05')",-0.5551609047101121,2.434216066251789
"(2490701, 'K12')",-0.9504836356068389,-7.834238031852403
"(2490701, 'J17')",5.023678458076172,0.6319786668679535
"(2490701, 'D15')",4.55626099859508,1.6226367894412406
"(2490701, 'G14')",-2.4531629355183706,-2.869083971543319
"(2490701, 'H05')",-7.438669841620313,-9.334767428435951
"(2490701, 'J21')",-12.9374849346175,-1.4340995142077841
"(2490701, 'J22')",2.0510626545531734,-5.305997837629002
"(2490701, 'L14')",5.5445020064960495,-0.3739901907331592
"(2490701, 'G11')",4.181672170610626,3.0606489773625043
"(2490701, 'I17')",-4.767155732373913,0.8252517309560689
"(2490701, 'G20')",3.225554848950834,-1.8871179665063658
"(2490701, 'H10')",7.358809417484416,2.502631797371501
"(2490701, 'I04')",2.5262082454805297,-3.073431001311344
"(2490701, 'N04')",-18.5969711772967,11.04537067035497
"(2490701, 'I12')",2.523907111778473,-5.152776843976678
"(2490701, 'D07')",4.446896755111629,-3.035748923318023
"(2490701, 'J12')",5.264640308332153,1.9659568691997402
"(2490701, 'H18')",-6.352188107130391,-11.755405794640732
"(2490701, 'D11')",3.8483642534176177,-6.042838911277705
"(2490701, 'N22')",3.949450715297026,-4.184284334177249
"(2490701, 'K16')",3.2051786493819523,-3.4010041769334647
"(2490701, 'H06')",1.817948736386852,-3.364657506754739
"(2490701, 'M12')",1.4110695211702646,-3.5145946037366667
"(2490701, 'L11')",4.180266725134155,-4.112743399809249
"(2490701, 'K05')",5.527061316449423,3.844715202470828
"(2490701, 'G10')",2.560102330189241,-3.550093491678585
"(2490701, 'K22')",1.6164311966935496,-5.215645408224726
"(2490701, 'K13')",0.9352400623781637,-7.813907135316642
"(2490701, 'C13')",-1.3034326848710331,-4.269917633390984
"(2490701, 'J04')",8.778855588617981,4.286832433738648
"(2490701, 'L12')",2.9938926624837356,-2.009410332151888
"(2490701, 'I15')",4.003882750717838,-2.762536651618048
"(2490701, 'E09')",5.81093892416197,-3.1549337460053524
"(2490701, 'M22')",6.260356849458346,4.401209163672
"(2490701, 'K21')",2.2063423331089798,-4.40286303041768
"(2490701, 'D04')",7.818952721268584,6.059268081082696
"(2490701, 'M09')",5.418758042531027,2.592450217495028
"(2490701, 'L16')",5.283636518471602,-2.866188600436834
"(2490701, 'H19')",-1.8434962796231467,-9.752356193223596
"(2490701, 'C16')",3.0197185055041023,-8.702804530086631
"(2490701, 'K07')",4.381883773328123,0.43122325060089706
"(2490701, 'F18')",1.316655401480377,-8.675896902051734
"(2490701, 'C09')",3.0391648361773074,2.975161425023135
"(2490701, 'L22')",6.2515255931150016,0.8340712357645507
"(2490701, 'D09')",2.968046369288236,2.3944109628445758
"(2490701, 'C12')",-7.513661999979889,-7.299430828789592
"(2490701, 'D20')",-1.2439576470637403,-6.842185883451988
"(2490701, 'I22')",4.437935707663217,0.20519808924098856
"(2490701, 'F15')",2.0132310375581133,-2.7086330015483266
"(2490701, 'C11')",5.03375505978318,-2.496727618126749
"(2490701, 'G06')",3.9172274625973795,-0.3883053656343102
"(2490701, 'M16')",2.090096258113793,3.4711020437418645
"(2490701, 'D19')",-9.04825858674165,-8.336028874073621
"(2490701, 'H04')",7.384396506027954,1.5330747095050763
"(2490701, 'K06')",3.7156051754464117,-1.0085702563976766
"(2490701, 'K18')",3.76276785349713,-5.480853507576938
"(2490701, 'C07')",-3.5589856002053684,-13.054115784337792
"(2490701, 'J18')",-1.420495719340663,-7.650555663504064
"(2490701, 'L13')",6.515314950703487,8.096687799597262
"(2490701, 'H09')",2.2452317115992084,1.533513283391969
"(2490701, 'J03')",6.18956596868619,-1.3420616931560203
"(2490701, 'F12')",7.4326513842300574,-0.39063247946677343
"(2490701, 'L06')",1.8237295202293857,-6.173460688807068
"(2490701, 'J10')",4.775372641669334,1.8306111531020928
"(2490701, 'L18')",-3.437015478904141,-6.122934134815542
"(2490701, 'D12')",4.493929727429378,-3.1182603156625923
"(2490701, 'H21')",1.2866016079255873,-1.8299424495323957
"(2490701, 'F14')",4.869911801615212,-2.6608335325243826
"(2490701, 'J20')",-3.6922664461399552,-6.312286880782416
"(2490701, 'F22')",0.6802896589614272,-3.562149019094639
"(2490701, 'E11')",5.771099073147932,-0.3040011470905345
"(2490701, 'G16')",5.4059401464716474,-4.308421499742882
"(2490701, 'E12')",-0.3279820402415127,-1.6150262683703072
"(2490701, 'E16')",1.6274469865126588,-5.118674875028896
"(2490701, 'F16')",-2.92508659218213,-1.4068403788298947
"(2490701, 'C08')",0.5448456218850158,3.558779181848961
"(2490701, 'E18')",5.079019888326801,0.6996218868831287
"(2490701, 'F20')",-1.8094220651538593,-6.799250172644097
"(2490701, 'F04')",3.501480242279696,-5.456871199882173
"(2490701, 'C05')",3.4102824847016757,-3.07384515792993
"(2490701, 'I05')",5.3174182584279155,0.9061356805914429
"(2490701, 'N10')",5.7441911546336515,0.5488558809508587
"(2490701, 'N15')",6.6600925578389205,1.0045354512368285
"(2490701, 'I06')",4.142136096916954,2.6531543696038153
"(2490701, 'G17')",1.5385099817364536,-3.9201348944891454
"(2490701, 'C17')",4.561009066980404,-2.3830115124048934
"(2490701, 'I11')",2.3092668840188817,-7.611971928249016
"(2490701, 'K19')",4.016961174501108,-3.953625097878022
"(2490701, 'M21')",-15.883108654751265,-4.51758757000854
"(2490701, 'N12')",3.319717596021957,-2.266845857541579
"(2490701, 'F05')",2.936060237809648,1.353227854188214
"(2490701, 'H07')",3.145820634121016,-1.1560789628226766
"(2490701, 'H15')",0.9593588184880938,1.0958753433333923
"(2490701, 'G12')",2.8949000068590216,-6.554758878511677
"(2490701, 'N09')",4.394633665108111,1.6353831352741472
"(2490701, 'D03')",-11.915975144357514,-5.832206143527595
"(2490701, 'L03')",5.43972188851986,-1.1057913837118871
"(2490701, 'M13')",5.553489909603371,0.37999867767344725
"(2490701, 'M18')",4.866643316956743,-4.360299535979248
"(2490701, 'N11')",7.025382396733609,4.868246215644148
"(2490701, 'F09')",-2.449136408524137,-6.8075839939551415
"(2490701, 'H03')",2.0290675123353568,-3.6526120239239166
"(2490701, 'J05')",5.711677605918515,1.0728282299906893
"(2490701, 'E04')",6.138255736497734,3.3021951412525783
"(2490701, 'G07')",5.822419184709757,-1.733013182133503
"(2490701, 'K04')",8.34038339249819,4.226882462501235
"(2490701, 'N18')",5.517681952639574,-0.939766053617283
"(2490701, 'J08')",5.084867876355902,3.3999917471250276
"(2490701, 'J14')",0.7483456904451004,-5.119373701455302
"(2490701, 'C04')",-12.858929720959022,-3.297227137969304
"(2490701, 'N16')",-0.24767855576456693,-6.857526764107588
"(2490701, 'J19')",-0.9873947131547165,-3.539072296402486
"(2490701, 'D18')",2.408602032634797,-2.8237683325372718
"(2490701, 'J09')",6.072116587246682,6.083099408536178
"(2490701, 'C20')",3.232181207567673,-1.0135768321073615
"(2490701, 'E22')",-0.7535813896344746,0.9634713353337562
"(2490701, 'M07')",4.527192365632922,4.139829087099884
"(2490701, 'H08')",-2.6572783851493096,-5.825492971638374
"(2490701, 'I13')",2.05720545683789,0.23685943872906962
"(2490701, 'G08')",-0.6006592877914609,-4.968724986216522
"(2490701, 'D13')",1.7727176282761856,-0.9060933490256455
"(2490701, 'L17')",1.2452938023970106,-0.2270184633762053
"(2490701, 'G19')",4.158367249442827,-2.174251052956836
"(2490701, 'F10')",8.577516520631,0.5495043970162601
"(2490701, 'M03')",6.648398592564195,0.2797118516471669
"(2490701, 'F08')",-0.5352908133031169,-1.326339488358901
"(2490701, 'C14')",-0.0616354001979626,-7.646854102368698
"(2490701, 'L09')",4.819651971126501,3.766372063084481
"(2490701, 'M05')",3.9576650664358493,-0.4735755552621417
"(2490701, 'I18')",4.766059131693247,-1.4296314619152808
"(2490701, 'I19')",2.3331232502437005,-4.505421243985634
"(2490701, 'N07')",4.795106254067973,3.840111977786519
"(2490701, 'N19')",2.3464145272754053,-5.16878219936634
"(2490701, 'N03')",-6.451737484348741,-8.282994553736986
"(2490701, 'E03')",-5.771906233759878,-11.403612834031675
"(2490701, 'J11')",2.0782438289464467,-9.59555311099619
"(2490701, 'D22')",-3.624851816597118,-3.747863951358154
"(2490701, 'D14')",4.230115247834053,-3.3415269466874764
"(2490701, 'D17')",-0.41888278840670295,-12.646347609037232
"(2490701, 'K08')",3.3355471987081367,3.696564237995336
"(2490701, 'L20')",4.329606064933,-1.0592460752506878
"(2490701, 'M06')",4.72802161204642,7.060140546695428
"(2490701, 'C15')",0.6206999369292713,-9.928111300673962
"(2490701, 'F21')",-0.24168519504423733,-2.400401157454161
"(2490701, 'D05')",2.9616321623215875,-5.827334075922554
"(2490701, 'I21')",2.041298994470121,-1.305797313738673
"(2490701, 'I09')",-3.5862812003350952,-1.722847506911036
"(2490701, 'J07')",8.03243749789472,8.569238379252218
"(2490701, 'M20')",-0.460335123095658,-4.110661089123303
"(2490701, 'K14')",0.23561431008499786,-3.218486466528614
"(2490701, 'C10')",3.3465051833087855,-5.679934569176702
"(2490701, 'H13')",3.5255621753180164,-3.2083352725613747
"(2490701, 'L21')",0.3008648638848065,-1.5884588964740096
"(2490701, 'L07')",-1.0961981457627732,-7.981089824636467
"(2490701, 'M08')",-0.08885838959892411,1.1091537638580358
"(2490701, 'N14')",-4.882100199651377,-4.273845945644353
"(2490701, 'C06')",3.2550068681525275,-2.559525579290076
"(2490701, 'I08')",4.005779045194245,0.7081272278520212
"(2490701, 'K10')",6.28504747907257,0.05505981445590325
"(2490701, 'C19')",3.302019031197333,3.125239278764295
"(2490701, 'E14')",4.594731820828717,-0.07190092516910619
"(2490701, 'M14')",-9.091654348227388,-1.789775660055935
"(2490701, 'E10')",3.6496354338229877,-0.07069889892608243
"(2490701, 'G18')",3.5292396937011756,-1.7561191085671155
"(2490701, 'F07')",1.6027831515642614,1.4590010006815424
"(2490701, 'N20')",3.5893008585070088,-4.8001205195372
"(2490701, 'F11')",6.388720761138389,0.9578771895674434
"(2490701, 'K09')",3.4172300616059434,1.6824277008336115
"(2490701, 'K17')",1.8880215853143683,1.4000237952951635
"(2490701, 'D16')",-1.07382059558869,-9.237311782098157
"(2490701, 'D08')",4.2398759392525625,-0.7216944081476175
"(2490701, 'J16')",-1.3220436190003995,-0.6934019523218696
"(2490701, 'E06')",5.346861860385465,-6.552631063295904
"(2490701, 'L04')",6.230574679717971,7.317583413932288
"(2490701, 'F13')",5.288815575676937,-0.3693435376021298
"(2490701, 'E17')",1.5951129714103676,-4.910223537476205
"(2490701, 'E15')",0.6807630462358741,-6.980888305887797
"(2490701, 'F17')",3.0286627683662357,-2.9660992000358917
"(2490701, 'I07')",2.1612071948881297,-8.343899032424337
"(2490701, 'E19')",-3.9776203738592404,-7.993120995128059
"(2490701, 'E07')",-7.633643472210553,-5.184872662990628
"(2490701, 'I10')",-0.4147960488569932,-9.480154081718704
"(2490701, 'C21')",-1.6085925280888702,-5.751007103221284
"(2490701, 'D06')",4.125525465733606,-1.683724584276667
"(2490701, 'E20')",4.072302456844971,0.2317334047728527
"(2490701, 'H22')",2.424003732550802,-0.7725235245193678
"(2490701, 'I14')",1.4101015135268264,-5.5061875684232895
"(2490701, 'L15')",4.77097876653048,-0.10565714945642615
"(2490701, 'H16')",5.371551512816392,-0.0664591924160983
"(2490701, 'M04')",5.787006768292118,3.243603340288805
"(2490701, 'G09')",3.633967851676018,0.6368757794998965
"(2490701, 'J06')",2.8114081234160793,0.1613365238154766
"(2490701, 'F03')",3.278478506220886,0.887167701165415
"(2490701, 'C22')",3.098607028007387,3.884223606929152
"(2490701, 'E05')",2.8345252223563615,-4.013835681114853
"(2490701, 'J13')",1.7116211959517136,-0.914732683773512
"(2490701, 'H17')",4.703328709712646,2.847292216333815
"(2490701, 'G21')",5.027644159078965,-2.995406498382051
"(2490701, 'K15')",5.057509407928097,-2.7733638114320387
"(2490701, 'I03')",3.671504105382269,2.45305704650853
"(2490701, 'L05')",4.131248846177345,-0.49005852661812127
"(2490701, 'N17')",6.784636080134672,-1.0162255481352551
"(2490701, 'N21')",-11.687727663875744,-7.340947393152663
"(2490701, 'I20')",5.45532744158871,0.5771036188284694
"(2490701, 'N13')",5.010979795394831,-2.8889155195125777
"(2490701, 'E21')",-16.840034773478095,-1.0200857113653534
"(2490701, 'M10')",3.533362182275555,3.5445321784593258
"(2490701, 'G22')",3.554566799804979,-5.689388585769724
"(2490701, 'E08')",4.742510347079564,2.7482358951029275
"(2490701, 'F19')",1.3900935348200845,-2.23259627919192
"(2490701, 'G13')",-2.851043041697551,-10.537600737222872
"(2490701, 'K03')",3.4143342060626396,-1.794233451035783
"(2490701, 'M15')",4.207599833806116,-2.0308436137639623
"(2490701, 'L10')",-16.895416360859116,4.520718308717336
"(2490701, 'N08')",4.772376657240012,1.717392535730128
"(2490701, 'D10')",-6.5262309168598875,-10.996589506940433
"(2490701, 'N05')",4.96513177178303,0.6085653565021051
"(2490701, 'K11')",7.018801682606037,5.1063499859162
"(2490701, 'G03')",-2.8020338816526227,-6.176182359075857
"(2490701, 'F06')",3.0603441571251833,-2.8989250237282125
"(2490701, 'H20')",4.518711437857399,-4.516617916340661
"(2490701, 'G15')",4.062773496036313,0.36804834027522504
"(2490701, 'M17')",4.858527393309555,-2.0564603482092174
"(2490701, 'C03')",4.8935648033592605,-3.634403650884865
"(2490701, 'I16')",-2.782642129825256,-3.9598585738382077
"(2490701, 'L08')",-5.309560521014203,-2.5919418894011064
"(2490701, 'H12')",2.8849263160170273,-0.26386308696607363
"(2490701, 'L19')",5.340794480017803,-3.9828424714227144
"(2490701, 'M19')",6.157209503236228,0.7526405945036619
"(2490701, 'M11')",4.757695678421746,3.506176575043474
"(2490701, 'N06')",4.219761247704669,-2.294738298187876
"(2490701, 'D21')",6.106809817653556,6.807338956362979
"(2490701, 'E13')",2.86338559715871,-2.1992196428563116
"(2490701, 'H11')",4.209852292921607,-3.430037000426673
"(2490701, 'J15')",-1.0027897293831958,-7.022276908278183
"(2490701, 'C18')",6.211252108408381,2.739491353930929
"(2490701, 'K20')",4.22796502334556,-7.319682733332043
"(2490701, 'G04')",3.7172537505066163,-1.8616098679830673
"(2490701, 'H14')",-15.998792270604985,1.0439333773540715
"(2490705, 'F12')",6.5402878809942875,3.0216244893368316
"(2490705, 'I03')",7.718594296027004,2.65338799065844
"(2490705, 'H20')",5.355615534281332,-0.1898142290407064
"(2490705, 'L16')",2.1788052196887713,-0.45118608831636836
"(2490705, 'E20')",5.71561766897224,-0.16919166433659544
"(2490705, 'M19')",1.6393047987136646,-4.929474284000506
"(2490705, 'M08')",3.056276710829085,-4.909389930917342
"(2490705, 'J09')",4.766204975956917,-1.4434845633625264
"(2490705, 'G21')",4.440230141254644,-1.810559552746983
"(2490705, 'D04')",5.20398985215256,2.565710716492607
"(2490705, 'L14')",5.179181357429357,0.33070572058177466
"(2490705, 'L04')",3.488941483336526,-1.0438753963798215
"(2490705, 'K22')",0.6868738213304153,-8.808762424785433
"(2490705, 'F21')",4.995332698781362,3.6250820083669395
"(2490705, 'H08')",3.19139835156493,1.2082863899923806
"(2490705, 'D09')",3.4644032449938202,1.1289869544805669
"(2490705, 'J22')",6.583521672176634,-1.9645674855319943
"(2490705, 'I22')",4.7381690594587536,-4.618846482887847
"(2490705, 'G08')",7.977195638061131,-1.5882007390824682
"(2490705, 'J20')",1.415269364456847,-6.0694145643751
"(2490705, 'H06')",2.0951297767289776,-1.4318195791377557
"(2490705, 'C08')",2.49524567997933,5.740930533711055
"(2490705, 'D12')",3.6938393798561404,0.17930753477208133
"(2490705, 'L19')",3.815453647328418,-4.0340226288824566
"(2490705, 'E18')",6.22221794730562,1.437219517124741
"(2490705, 'C10')",4.43605496640822,-1.6919749003023694
"(2490705, 'C16')",8.969098782778344,-1.157902079658681
"(2490705, 'K04')",5.973104548565281,-0.3789941430600071
"(2490705, 'C06')",4.2318956946966,-0.32601631164891093
"(2490705, 'D06')",8.018220933578421,4.862722704014463
"(2490705, 'J11')",2.712177396506613,2.5234278375151433
"(2490705, 'J05')",7.916740144563928,2.6388047073607424
"(2490705, 'F11')",5.406488065809572,1.2854011142414148
"(2490705, 'M14')",3.0373774617065,-1.221660749866308
"(2490705, 'I19')",3.4783936064409473,-3.6872395179077233
"(2490705, 'L18')",3.5709992369707497,-5.70665718485392
"(2490705, 'M15')",-1.7920007015468333,-8.605273883509765
"(2490705, 'F16')",3.517624991266603,1.1980329315278242
"(2490705, 'L05')",4.325310265316281,-3.6675294255601423
"(2490705, 'G16')",5.420876968462019,1.1991771608211679
"(2490705, 'C21')",0.9265318063734961,-6.1706778880022295
"(2490705, 'N19')",5.781864075760648,-0.8447083871733007
"(2490705, 'H21')",5.642911119296963,-2.4766083654626714
"(2490705, 'D14')",3.302581142340275,-1.140031823953752
"(2490705, 'M12')",0.40852575630333426,-1.9790374104385868
"(2490705, 'F08')",5.8168905787689935,-1.1934916463739726
"(2490705, 'E14')",4.973134086045665,-0.7495825645655592
"(2490705, 'J17')",5.116511000228156,-0.33239081169166995
"(2490705, 'M13')",1.5968653382799172,-1.5720891881118058
"(2490705, 'L06')",4.202603989943336,-2.0813465030433154
"(2490705, 'K19')",2.676732300836816,-0.5361279747343874
"(2490705, 'J16')",-2.0167660728331356,3.5063659861835177
"(2490705, 'H05')",6.2594231221882906,-2.4062568330386562
"(2490705, 'L07')",3.209282610430329,-2.949684489931403
"(2490705, 'K06')",5.804109840291155,2.1675769018342215
"(2490705, 'E16')",6.843964172482447,0.7289515635894791
"(2490705, 'G22')",5.372523769573145,-1.3599731924407656
"(2490705, 'G19')",6.191481582913776,-1.082127288991522
"(2490705, 'F14')",5.5245032579394895,0.6668717525779072
"(2490705, 'H10')",3.039912853665538,0.08412342715497503
"(2490705, 'I14')",2.7516772830154057,-1.3021907469682303
"(2490705, 'L13')",-3.660531451948968,-6.176689571714535
"(2490705, 'C14')",4.5564381238095075,2.811955059269181
"(2490705, 'D08')",6.831081165524896,4.5972892473245945
"(2490705, 'N18')",0.15672385106794903,-10.65267722797671
"(2490705, 'G03')",5.615892164389412,1.2965134732544994
"(2490705, 'J08')",5.098618273382418,0.9890510966905176
"(2490705, 'I15')",4.2602543015027,0.1343044503515493
"(2490705, 'H18')",5.874423408890634,-1.1366388834383399
"(2490705, 'C11')",7.159674771482567,2.8635038085047824
"(2490705, 'D19')",5.39308948280675,2.777017116319325
"(2490705, 'M06')",2.1959033990664327,-5.86375891074934
"(2490705, 'K18')",5.828169087409232,-2.7824681269061555
"(2490705, 'E04')",2.1071226714887707,-2.5338095459429506
"(2490705, 'G15')",4.918045353338701,0.53982866417003
"(2490705, 'H14')",-15.190052781108955,-3.160757653343344
"(2490705, 'L15')",-3.5645685569789847,-4.555273872097176
"(2490705, 'H15')",7.471498995780131,0.543824960328162
"(2490705, 'I10')",7.008243068474104,3.313859220327922
"(2490705, 'D03')",-6.464853692754987,-7.338706545872304
"(2490705, 'E07')",2.614454716547692,0.2977885400939711
"(2490705, 'J10')",2.1047316860494187,-3.9855366988808023
"(2490705, 'I16')",2.808239279450413,0.9287679665377179
"(2490705, 'H19')",5.903043021970708,-0.4614496398012307
"(2490705, 'I11')",4.622454341231968,0.9674683591454523
"(2490705, 'H04')",4.878625035989016,-3.116139472296571
"(2490705, 'M20')",2.746623070505193,-6.009980230920401
"(2490705, 'E15')",1.721465037624767,1.0558221051420702
"(2490705, 'M03')",3.7577127940413932,-2.9568491794113076
"(2490705, 'M18')",1.3880988673037293,-3.217011408624158
"(2490705, 'D11')",3.2984505261284687,-2.528367226686133
"(2490705, 'M16')",0.46658509134165727,-10.39027463929341
"(2490705, 'C07')",5.3330706351979495,2.6471310536650163
"(2490705, 'F03')",3.6090525938409046,-0.3030155514885057
"(2490705, 'D22')",5.1755398361924625,0.8857597127350924
"(2490705, 'I17')",3.996598870663228,-1.5013329089897285
"(2490705, 'N22')",5.639753668592441,-3.594440865058782
"(2490705, 'H09')",1.4472208530752835,-3.7366843438045847
"(2490705, 'F20')",4.931421755299076,0.24032024030498586
"(2490705, 'H12')",4.595815618434256,-1.264960654171414
"(2490705, 'M11')",3.2214642441626022,-2.6663545979765773
"(2490705, 'E09')",4.232146848213252,-5.006402851349414
"(2490705, 'E21')",1.2284662078700292,-2.6120392288311076
"(2490705, 'C05')",5.84461400275697,3.145797550259194
"(2490705, 'K10')",1.065967793226917,0.11248611312705253
"(2490705, 'D18')",3.1725004754097164,-0.7421943501217158
"(2490705, 'M17')",6.279553269217371,1.4635081472562952
"(2490705, 'J21')",4.643345741734527,-4.86810456107855
"(2490705, 'N16')",4.34906461200498,-3.99145665166198
"(2490705, 'G06')",6.17185965408681,0.15787037564854328
"(2490705, 'N07')",0.03325649153461395,-4.764881993871632
"(2490705, 'D13')",1.6795917571982968,-6.031442191162024
"(2490705, 'L11')",3.535892473207655,-0.6361111512325227
"(2490705, 'F15')",4.388739684241768,0.4442174504505754
"(2490705, 'C03')",5.366096610831448,0.2517664301825378
"(2490705, 'M21')",-14.024675334238033,-1.6303444795109334
"(2490705, 'G04')",6.848320846571642,1.8435677591404138
"(2490705, 'C13')",3.669889071003069,-0.7700935531562062
"(2490705, 'J06')",6.666280928763506,-1.2622602337800704
"(2490705, 'E10')",6.726151986164124,3.335650220852576
"(2490705, 'J07')",3.8610661399371367,1.9479881353479918
"(2490705, 'J04')",4.515467188009335,-1.6468322173998011
"(2490705, 'H03')",2.931043550438712,-3.6969522508384407
"(2490705, 'N17')",4.437433451910733,-4.704754608556794
"(2490705, 'L21')",2.394184334107211,-4.3433098186149985
"(2490705, 'I21')",6.040425447217919,2.1432912748335324
"(2490705, 'N13')",6.701671118043377,-0.18154934805039483
"(2490705, 'J13')",3.6942113216111694,-1.2082639382350167
"(2490705, 'E12')",5.118047224478801,2.936055169747686
"(2490705, 'F09')",5.658435724959504,0.9135639497386325
"(2490705, 'G07')",3.1568859061653036,-0.6876854328369713
"(2490705, 'D15')",4.92739109963192,0.9571265616598105
"(2490705, 'K17')",0.619530244709882,-7.726238383067392
"(2490705, 'I13')",-1.4116230486817085,-9.081545959260092
"(2490705, 'H22')",4.035471211851142,-2.890958195159799
"(2490705, 'N06')",3.38868778956231,-6.47527268642164
"(2490705, 'F04')",2.3867053637911098,-0.08720508104352796
"(2490705, 'C15')",2.927854044406688,2.1128018279800704
"(2490705, 'H07')",5.06824977720253,-0.0781584317404972
"(2490705, 'G05')",1.0538068399019356,1.3260029095477368
"(2490705, 'F05')",4.302041460317531,-0.8352801038056434
"(2490705, 'H17')",7.177882522712948,1.4205000806317438
"(2490705, 'M10')",3.4448989869547395,-0.6029529632833003
"(2490705, 'I06')",4.558301902206415,-0.9318938001477857
"(2490705, 'I07')",4.254581671649204,1.5631955497716212
"(2490705, 'C20')",1.2896594214641741,0.0074342899106071515
"(2490705, 'J12')",2.0247861607015625,-3.6560592824701823
"(2490705, 'K15')",-7.002968641412736,-9.38991362174868
"(2490705, 'E03')",8.163823269277806,5.390789858040829
"(2490705, 'L17')",5.9112070942980095,-1.236464468649697
"(2490705, 'N10')",1.5871507347672313,-5.449520330812028
"(2490705, 'F10')",2.7811376962374332,-2.347789552669523
"(2490705, 'D10')",5.0032166145419765,3.521957681131956
"(2490705, 'N20')",3.513600675839385,-1.9736935797544046
"(2490705, 'G14')",5.685405447690595,-0.004301936859151099
"(2490705, 'G11')",5.407560571826729,0.04837344320233259
"(2490705, 'I04')",4.786775923515066,-1.1446165725641007
"(2490705, 'N03')",0.7436564702107228,-7.514643108994392
"(2490705, 'E11')",4.215297493338512,2.465215325606515
"(2490705, 'N15')",6.015634405276786,-2.695299703655331
"(2490705, 'G18')",7.265105702829595,0.4246621994432889
"(2490705, 'K14')",3.868101051982219,-2.4616686186354753
"(2490705, 'L09')",0.3670023759484839,-5.569137463992143
"(2490705, 'C19')",6.49910742872303,3.1126113777732822
"(2490705, 'L12')",5.0112537911463635,-5.2639459815887975
"(2490705, 'E06')",4.451313802806911,2.3508537813319643
"(2490705, 'K11')",4.064230011114292,-3.7572160853600773
"(2490705, 'G20')",6.529204979476592,0.31228280185281215
"(2490705, 'I08')",4.849160926810457,-2.1513561248415303
"(2490705, 'N21')",-11.562440342468264,-9.261343139839992
"(2490705, 'N12')",4.829899072743048,-2.7005891550455345
"(2490705, 'E08')",1.8491465178856996,-4.828604154573699
"(2490705, 'C09')",5.499596514361553,3.15876843384712
"(2490705, 'F06')",5.089584738610326,-2.042348401616736
"(2490705, 'N04')",0.016070239417848665,-4.230744094903385
"(2490705, 'E19')",4.504736463928953,-0.23099651209080208
"(2490705, 'D16')",6.405036730430799,-2.223346610565844
"(2490705, 'M04')",5.648961378107748,0.7736894291195218
"(2490705, 'C18')",4.481306688704555,-2.566329939349607
"(2490705, 'F17')",6.49408705569867,0.17513589284160566
"(2490705, 'G13')",3.2724712358121164,-4.7435526301682565
"(2490705, 'N05')",0.7938009860358237,-2.9675060619700053
"(2490705, 'L22')",5.038742027826927,-1.0148496693809186
"(2490705, 'E22')",4.99320556661281,-1.1383070238549147
"(2490705, 'K03')",3.610785151303116,-5.891591535599146
"(2490705, 'K16')",-0.9720788742400358,-7.684599928621444
"(2490705, 'C22')",6.1202585455015095,-3.546416465322133
"(2490705, 'J18')",2.3031942473815112,-0.2270068666101592
"(2490705, 'K21')",-2.183222175410292,-5.753269699379282
"(2490705, 'M22')",4.994290247599105,1.2991011822097502
"(2490705, 'N14')",5.817999681527859,-1.3682410867160113
"(2490705, 'D17')",6.239656464742172,-0.27066938537227553
"(2490705, 'N11')",0.4229106492475439,-7.005104539272733
"(2490705, 'I20')",3.049690887692809,-4.311004515860352
"(2490705, 'K12')",-5.089504251571225,1.5367402895040518
"(2490705, 'D20')",5.68823145280807,2.767121194527396
"(2490705, 'D21')",4.875949544274333,2.641411727510061
"(2490705, 'C17')",1.4217048187599965,-0.5165796904306271
"(2490705, 'G10')",4.610977045890285,2.361160745721075
"(2490705, 'J19')",4.362200545769904,-2.0006729128252028
"(2490705, 'K05')",3.9311985287811644,-3.909580011839701
"(2490705, 'I09')",3.48502176746625,0.6451313199763914
"(2490705, 'M05')",4.504687594231396,-2.09274536688564
"(2490705, 'L03')",3.2327331080547133,-3.9806277758519752
"(2490705, 'K07')",5.127132218809997,0.35048316745772784
"(2490705, 'E05')",2.2579620305511225,1.395239280706034
"(2490705, 'G09')",6.335805695522875,0.43625478871006423
"(2490705, 'H11')",4.642863864759893,-1.3428654933183222
"(2490705, 'H16')",5.837884045822483,-0.6184076343022642
"(2490705, 'K09')",5.217452008474445,1.4870569784887646
"(2490705, 'G12')",2.5368109098547285,1.3012069340709012
"(2490705, 'J14')",5.3065007776351,-0.5483693391722676
"(2490705, 'C04')",-9.16228070659622,-2.8732501215231037
"(2490705, 'J15')",5.457373650386403,0.6982755063748732
"(2490705, 'E17')",3.580555849516876,0.7463785102297371
"(2490705, 'H13')",5.4377529547187935,-3.0085570119021665
"(2490705, 'F13')",1.5569261584016962,-0.5684282687896577
"(2490705, 'M07')",6.849638171957315,-3.795486612934409
"(2490705, 'K08')",0.8310197926836624,1.5644110865970038
"(2490705, 'K20')",-0.4328935207355195,-7.4726202387094816
"(2490705, 'D05')",1.6898512226736817,-3.247785735702479
"(2490705, 'D07')",4.378705777760149,3.0269294421647825
"(2490705, 'I12')",2.420310169122684,-4.754842509278155
"(2490705, 'C12')",1.435689881963916,-2.4601339659281036
"(2490705, 'M09')",1.0911041724602983,-5.332827534523128
"(2490705, 'F19')",6.002777845094318,3.130854047414426
"(2490705, 'K13')",3.6386603340861496,-1.6804493379797794
"(2490705, 'J03')",4.54858148729396,-2.4832045393890625
"(2490705, 'L10')",2.16435892580523,-4.462849510195448
"(2490705, 'I05')",2.964667174237314,1.829578104374665
"(2490705, 'N09')",3.9417976637703744,-1.9142778994157363
"(2490705, 'L08')",2.8223885022294652,-0.9481450472190639
"(2490705, 'F22')",5.720256418482469,-3.0707831853763192
"(2490705, 'L20')",3.6965478388336854,-5.5044183828317435
"(2490705, 'E13')",5.4288287183295445,2.0793455802210357
"(2490705, 'F07')",2.35798850076243,1.9952727439525197
"(2490705, 'N08')",-0.46934463070495763,-3.2310583274746882
"(2490705, 'I18')",8.49242212744852,4.442044903445117
"(2490705, 'G17')",2.323230700471141,-4.622900543512746
"(2490705, 'F18')",4.006502752996192,2.8237368430557335
"(2490702, 'L20')",5.378327697949702,1.440302734651333
"(2490702, 'C09')",3.815076405850538,4.78082655631613
"(2490702, 'G09')",2.7704216922560967,0.9409806818331382
"(2490702, 'J07')",7.163734439233449,4.196365206009015
"(2490702, 'I08')",3.029292106172948,1.4132112222482438
"(2490702, 'L05')",5.1084922194673466,-1.151759276813927
"(2490702, 'G07')",3.20033068558359,-5.484047418052541
"(2490702, 'F12')",7.37541500285269,0.9089092844951691
"(2490702, 'I07')",2.0660785622287836,-7.048168304347073
"(2490702, 'F08')",4.1049712739283315,2.9787767741416724
"(2490702, 'D19')",0.08515699813831118,-5.27477722196578
"(2490702, 'I10')",-0.27302097958713617,-8.748721159270474
"(2490702, 'N13')",5.466316755631077,-1.4598120206175775
"(2490702, 'E20')",5.690132510260804,3.399519254921582
"(2490702, 'L06')",1.0890099194054566,-8.302155543550361
"(2490702, 'N09')",5.459694616865697,-4.261533951194672
"(2490702, 'D10')",-0.9895185080711394,-9.092954559339457
"(2490702, 'E09')",4.731248000311365,-0.8895173865186824
"(2490702, 'H03')",4.427114817751597,-0.37159034277096364
"(2490702, 'F17')",5.031731920104394,3.6314268489792783
"(2490702, 'K19')",4.936413207332634,-0.46461405652132176
"(2490702, 'J20')",5.09133203501244,3.3177290987885932
"(2490702, 'L22')",8.156724438841092,0.26633537411588537
"(2490702, 'H16')",5.382019701060364,0.23305510311741684
"(2490702, 'J12')",5.788099118146366,0.013289218989177709
"(2490702, 'C05')",4.235280130273797,1.4028080738535045
"(2490702, 'C15')",3.0167431621822027,-3.978988755013436
"(2490702, 'I04')",1.9384030491040298,-3.6856754349322065
"(2490702, 'G04')",5.246689619732617,-0.43842901129112605
"(2490702, 'L08')",4.23094444174267,0.8328698502815902
"(2490702, 'H08')",5.695089087743404,3.250378484378316
"(2490702, 'H11')",4.338962138048038,-2.96644057964333
"(2490702, 'J18')",0.6653894160576079,-5.536869350274241
"(2490702, 'F07')",4.201438333799921,0.8359612635271916
"(2490702, 'H13')",6.825445949793779,0.6103432698923341
"(2490702, 'N15')",6.092407221086784,-2.145591766586318
"(2490702, 'G08')",1.8746305655217617,-6.294020616845709
"(2490702, 'C10')",3.821854794027936,-1.5118902235981813
"(2490702, 'F13')",3.5774935897935385,-0.753822103321825
"(2490702, 'K06')",3.512345686953026,-2.00648621264845
"(2490702, 'N16')",3.9619391821425918,-4.995587258919892
"(2490702, 'I06')",5.7313161847383025,3.0245426593496223
"(2490702, 'C11')",5.6959956681404895,2.608782769277748
"(2490702, 'H07')",4.179174056336611,2.7803076387421832
"(2490702, 'G16')",3.506729203677549,-2.069228675225852
"(2490702, 'N12')",2.907695958237716,-2.4643378638350812
"(2490702, 'D13')",2.1185265843732983,0.13013395953876747
"(2490702, 'J22')",4.371089600161223,1.6290314536774164
"(2490702, 'I11')",3.158446404350263,-7.031694828963635
"(2490702, 'G10')",5.349340231429113,-0.4402627915091937
"(2490702, 'D07')",4.838051058957889,1.4536563997212646
"(2490702, 'E19')",2.7770751413806822,-1.3495077135305595
"(2490702, 'N14')",3.6658931182373933,0.7102312855133954
"(2490702, 'L14')",2.0707907716204934,-5.740388410207052
"(2490702, 'E07')",-7.909302600876234,-6.040427570139052
"(2490702, 'D18')",4.79395697207833,0.542107358597806
"(2490702, 'K04')",8.1535089983747,2.24480465684704
"(2490702, 'K07')",3.324822368573135,0.13041420122535038
"(2490702, 'F21')",3.5453400945710594,1.7098839463497724
"(2490702, 'N04')",5.090004915250862,-4.819881371161593
"(2490702, 'D16')",3.705892995673972,-3.6091662917200464
"(2490702, 'J10')",4.349242510005382,0.5564959633571838
"(2490702, 'G19')",3.204590298045749,-0.5396279747979758
"(2490702, 'E16')",3.1888212586254556,-1.0802034064549648
"(2490702, 'M03')",6.155260744194864,-0.7742816597449754
"(2490702, 'N03')",3.451574434219047,-3.8818912938363646
"(2490702, 'K18')",1.9316264646718255,-4.544864389730562
"(2490702, 'G12')",4.81944096114967,-2.234817799504512
"(2490702, 'C14')",3.6603171161539665,-3.5499219550853987
"(2490702, 'M10')",1.8296769825741246,3.6246039177547003
"(2490702, 'J04')",6.141108222272183,3.091941360809818
"(2490702, 'D09')",4.887880067232452,4.554663677441015
"(2490702, 'E03')",-3.4535820019121726,-8.871051372468385
"(2490702, 'M16')",4.83373332960285,4.564927374861818
"(2490702, 'K16')",5.001517821230905,-1.6750909335931077
"(2490702, 'D12')",6.5831010988524135,2.8313574619159665
"(2490702, 'F20')",2.434231575009578,-0.40196521520293965
"(2490702, 'J14')",3.405366759132191,-2.2088033826569538
"(2490702, 'L17')",3.916539356601436,2.7183147492273974
"(2490702, 'N05')",4.984405910018332,-2.5062170301681532
"(2490702, 'I16')",-0.13443736502753395,-3.3179079326863508
"(2490702, 'I20')",6.360630682801775,4.512170019879343
"(2490702, 'F04')",4.293685795431601,-0.886827168851084
"(2490702, 'H18')",-0.47821246877516066,-7.960005204525209
"(2490702, 'F19')",6.067094459394194,2.6869486805255134
"(2490702, 'L19')",4.731002359261738,-2.3173436191572576
"(2490702, 'H15')",-0.7451040228367778,2.917948916653925
"(2490702, 'N11')",4.117908103295873,0.9623734934922672
"(2490702, 'K15')",5.302793865344147,-0.13766412950383453
"(2490702, 'J16')",1.3128156068601624,1.0915816364548714
"(2490702, 'G20')",4.547308070931434,2.744211399420976
"(2490702, 'L12')",4.861326315676423,-0.9673301790484994
"(2490702, 'E22')",3.417623038085844,3.646551819651064
"(2490702, 'N20')",3.8829929340448492,-1.0804162603397387
"(2490702, 'G14')",-3.001260009499646,-2.445199825714679
"(2490702, 'C20')",2.667717999639466,0.8473916424063345
"(2490702, 'G15')",3.4944016370697857,1.5081659177219784
"(2490702, 'K20')",8.909170732636069,-0.169961090026463
"(2490702, 'J21')",5.191578346671859,2.628308565993422
"(2490702, 'E15')",2.150130079435043,-6.24839741101703
"(2490702, 'N22')",4.291653404665483,-4.79333413414552
"(2490702, 'C16')",4.3426366470642765,-3.850164880538749
"(2490702, 'D11')",6.235066422574929,-0.21321169262463174
"(2490702, 'N08')",3.92593223027145,-8.089886927771111
"(2490702, 'J03')",7.060080338407894,-0.4109203432907655
"(2490702, 'J09')",5.74856339035746,3.021153937259653
"(2490702, 'N21')",-12.857552354252656,-8.7253661916658
"(2490702, 'J19')",4.423578289102032,4.053617064614978
"(2490702, 'I21')",4.039501680324122,1.8265606713114162
"(2490702, 'D22')",1.9118440916959307,-0.21143470144169343
"(2490702, 'K21')",4.280390134127855,-1.1208850056246764
"(2490702, 'K12')",0.7644927521662809,-7.313281444212584
"(2490702, 'C22')",5.87301119966784,2.641183040816854
"(2490702, 'G22')",6.000499880420191,-2.4371346982957864
"(2490702, 'L15')",4.518925474655017,-0.9235285464555821
"(2490702, 'M04')",4.9252500322489094,-1.4913637102916937
"(2490702, 'D14')",4.685755243284973,0.7816188084171353
"(2490702, 'M15')",4.061295251146097,-3.772887671652921
"(2490702, 'M18')",3.5227140036869025,-4.4850186433485755
"(2490702, 'D03')",-4.76134482476509,-6.057234296641505
"(2490702, 'H12')",4.183452034870084,-0.7285260288345368
"(2490702, 'M12')",1.8147270171846483,-4.845979021869322
"(2490702, 'C03')",6.7734947231751725,0.6959442097133858
"(2490702, 'D08')",3.096680127124624,1.9292900163492972
"(2490702, 'K22')",1.4096302697976053,-1.4667547901195792
"(2490702, 'I03')",3.833749777261705,2.7566340175817867
"(2490702, 'E18')",5.306109464416155,2.630880106496093
"(2490702, 'I14')",0.6448018305809583,-3.930626040656179
"(2490702, 'M09')",3.9668251767615734,-1.4403778264982978
"(2490702, 'F09')",6.309124814150403,1.8505401305072844
"(2490702, 'G06')",3.2294312211187743,-0.27800243375581446
"(2490702, 'G17')",2.252329114977292,0.39982969625776776
"(2490702, 'F10')",7.723616737716119,3.158766606462968
"(2490702, 'K17')",3.3216589622910258,3.3055613787003266
"(2490702, 'H17')",5.46649549991727,6.14069040930807
"(2490702, 'D20')",3.4653899118265756,-3.8913301165542182
"(2490702, 'E13')",5.60331594629161,1.4765851771767535
"(2490702, 'M22')",6.659188073344423,4.863569900023546
"(2490702, 'K11')",6.634151822551669,2.7118253725974593
"(2490702, 'M14')",-7.597075909694638,-0.14045062008195727
"(2490702, 'D05')",3.8029109878901886,-2.357886612675185
"(2490702, 'C18')",8.997439165392304,3.5885892891251174
"(2490702, 'H09')",4.297365029312225,3.2542012644309195
"(2490702, 'M19')",6.447138697338524,3.746419537577995
"(2490702, 'C07')",0.9043994065164631,-10.453677398331925
"(2490702, 'F15')",2.966380560704713,-1.3697478119149316
"(2490702, 'G18')",4.546086483491346,2.915032386615024
"(2490702, 'F03')",3.7299683373317367,2.1196867583907357
"(2490702, 'H10')",6.098071596651757,2.7834428541354717
"(2490702, 'E11')",6.118859296486383,3.614295036803762
"(2490702, 'M08')",-0.2971926736763789,-4.952217232912214
"(2490702, 'K13')",3.045875003095626,-5.808314335170893
"(2490702, 'J05')",5.170302179537241,1.4241580578869106
"(2490702, 'I05')",5.0086800464174805,0.23359276035205986
"(2490702, 'I19')",4.426757435305008,-1.6063000587289857
"(2490702, 'F06')",6.350288969370131,-0.2555651377184175
"(2490702, 'D21')",8.38674474780864,5.405992879594584
"(2490702, 'D15')",4.820793252732787,2.631567404340224
"(2490702, 'I15')",4.827829352121941,1.3577572913672253
"(2490702, 'C06')",2.992740737594095,-0.42298488344010454
"(2490702, 'N19')",4.947997816915665,-3.179556532771644
"(2490702, 'C04')",-10.817386301384188,-3.804267114141618
"(2490702, 'K10')",4.965796734253145,-2.340243619426546
"(2490702, 'G05')",0.02488922642594533,2.183670851131713
"(2490702, 'G11')",2.820612336183573,2.200822774502501
"(2490702, 'C19')",6.410831721578596,3.1199034604020253
"(2490702, 'F14')",5.475172809685754,0.49361046077862497
"(2490702, 'N07')",5.649733559180793,-2.746441208895442
"(2490702, 'E12')",0.19229382402590126,1.875332092816681
"(2490702, 'K05')",4.569601436593446,1.2020425835466926
"(2490702, 'K03')",4.1596680048056545,-5.379252604302627
"(2490702, 'E08')",6.429050394470426,4.90421025814931
"(2490702, 'L07')",3.0456663854321633,-3.72215283683371
"(2490702, 'I13')",1.1143980604600494,2.375715773676472
"(2490702, 'F18')",5.703760432676801,-1.3033065372885309
"(2490702, 'J08')",4.643561358385408,2.6894460937135314
"(2490702, 'N17')",6.0699938990680105,-5.53995076352776
"(2490702, 'L13')",7.029279956028674,5.881146525054222
"(2490702, 'M11')",5.293441029231926,1.4305621458510633
"(2490702, 'F11')",5.474302018222518,2.137833232184408
"(2490702, 'N18')",4.735610161934455,-2.9314411755001504
"(2490702, 'E17')",2.7025831162415717,-0.12007426928097058
"(2490702, 'E14')",4.693377821536897,3.137982406791877
"(2490702, 'M13')",5.052146144820775,-4.179915792400507
"(2490702, 'M06')",3.32268299014453,4.894563585692645
"(2490702, 'M05')",3.9636099122249577,-3.046016689488683
"(2490702, 'C12')",-1.5242877357674935,-5.22656570051122
"(2490702, 'J17')",5.305920177119008,3.387493797192277
"(2490702, 'C17')",6.163359959009365,2.1167096691580243
"(2490702, 'I17')",-7.2810450857062365,1.3867757521603465
"(2490702, 'G03')",-1.9200746461480254,-4.618622686924832
"(2490702, 'L10')",-16.87118142239565,7.883217710969342
"(2490702, 'K14')",0.8135696350135683,-2.5842387010486516
"(2490702, 'L16')",5.894015939127934,-1.6721696296399697
"(2490702, 'I12')",1.9671010505900755,-5.450170097072725
"(2490702, 'E05')",4.3795056506590155,-1.3186858546087925
"(2490702, 'L18')",3.374585123933039,-3.8364226976393647
"(2490702, 'H05')",-3.807813390375087,-7.848583190825564
"(2490702, 'L09')",5.092334499028064,0.8775578358134085
"(2490702, 'H04')",7.954659580021185,1.0017159855677937
"(2490702, 'K08')",3.9469055264023067,-2.7698788896429902
"(2490702, 'M20')",2.7830609156433335,-3.652633184051001
"(2490702, 'N10')",6.024060022037967,-2.862495659012035
"(2490702, 'C21')",3.587445783515418,0.7344327261625891
"(2490702, 'E04')",5.2545778998818635,5.733583801524978
"(2490702, 'L03')",5.598106001100704,-3.569989762800531
"(2490702, 'G21')",5.163308945100315,0.3511315901859946
"(2490702, 'H06')",3.380493807437945,-2.0183840114524187
"(2490702, 'E10')",4.409795019997322,3.1454301636525654
"(2490702, 'L21')",3.8477234175905344,-0.06518357873954844
"(2490702, 'H20')",6.2045649524074795,-0.26049291532154256
"(2490702, 'H21')",5.39785877847209,1.7142293910857012
"(2490702, 'L11')",6.92940658222732,-3.1352102050045794
"(2490702, 'I22')",4.758655601908155,2.9671527605850914
"(2490702, 'D06')",4.774126797875473,1.310597292861157
"(2490702, 'J13')",2.0635820595093946,0.9031512794029073
"(2490702, 'M21')",-12.731671705523022,-5.897761048189691
"(2490702, 'K09')",5.322088999053613,-1.1229323318500675
"(2490702, 'J15')",1.257143601910324,-4.281081703742119
"(2490702, 'H19')",0.5814202567783346,-3.743322066746572
"(2490702, 'J11')",0.45022027859080915,-7.500818904947317
"(2490702, 'H14')",-13.939438121465834,-1.8716423280602748
"(2490702, 'F16')",-0.27600562582316085,0.5381836161696096
"(2490702, 'N06')",4.657488358388287,-3.3456558955066855
"(2490702, 'D17')",2.3090722946919673,-8.214563018042293
"(2490702, 'G13')",1.1403490476039941,-5.150033627318562
"(2490702, 'F05')",3.8999043198037517,5.351219963718275
"(2490702, 'C08')",1.5002319584422625,5.33660347595278
"(2490702, 'L04')",7.133157025899936,4.092655307264033
"(2490702, 'J06')",2.943758148786359,-0.13195195984045696
"(2490702, 'C13')",3.427675789571212,3.1998783557858035
"(2490702, 'I09')",-1.8011673890141178,0.36180155715575135
"(2490702, 'E21')",-12.2876092686728,-7.287962682846836
"(2490702, 'H22')",4.495151867280738,-0.9840445365576496
"(2490702, 'I18')",5.064759499277153,-0.5028513944702668
"(2490702, 'D04')",8.307446666594887,6.482083653242049
"(2490702, 'E06')",4.438091424335674,-5.366036200183765
"(2490702, 'M07')",6.2459531464841005,-2.2303612752201496
"(2490702, 'F22')",4.109269986477461,-0.2780044028671815
"(2490702, 'M17')",2.7679368285491552,-3.029711157853373
"(2490700, 'N07')",5.267403671635412,-4.7274108295317205
"(2490700, 'K19')",6.333756993796901,-1.3429017138217465
"(2490700, 'H12')",2.762256548663781,0.3030532821562485
"(2490700, 'N15')",5.077113007394125,-3.611011106315194
"(2490700, 'M12')",-1.1219812512116503,-5.124938754585257
"(2490700, 'N21')",-9.462587803735094,-5.991957167085746
"(2490700, 'L04')",3.8570984772594037,4.438917963239551
"(2490700, 'E03')",-4.123685954559725,-6.430868360857892
"(2490700, 'C16')",3.0995635970153113,-4.629486393216021
"(2490700, 'E05')",4.034683467422206,-2.27234407475769
"(2490700, 'J11')",0.21380721114599247,-8.226171071368373
"(2490700, 'M10')",-1.2603529714588644,0.08926036480342163
"(2490700, 'I06')",4.386041958373459,2.0160125791426515
"(2490700, 'F09')",4.1821152417640715,2.9294422589339435
"(2490700, 'I16')",-1.7385847786262312,-3.93357639937523
"(2490700, 'F06')",3.9787408902670043,-1.0342258231481478
"(2490700, 'N16')",2.8407406019747636,-3.435823475895583
"(2490700, 'M17')",1.8974535911751356,-5.532123362557169
"(2490700, 'K18')",-0.2352304224521094,-10.084605262059938
"(2490700, 'I12')",-3.101792823361402,-11.431958438807452
"(2490700, 'N13')",5.9727231968797225,-3.470447850170157
"(2490700, 'D13')",1.7702555919361431,0.6495160245189138
"(2490700, 'M08')",-12.45832076078424,-6.230898267002334
"(2490700, 'L09')",3.852064754864,-1.0367629725548624
"(2490700, 'C19')",5.9132811758219175,2.240011294992594
"(2490700, 'M20')",-2.776985700602961,-7.582326358782979
"(2490700, 'L06')",3.638190427669355,-4.892064716198356
"(2490700, 'K16')",5.665848539821034,-3.942616461398953
"(2490700, 'E08')",3.9997061714360362,4.324933477935999
"(2490700, 'D17')",1.5423854066403782,-9.289926870125386
"(2490700, 'J15')",0.769987001682974,-8.05792451577971
"(2490700, 'J18')",-1.6893341961750106,-8.968246490070825
"(2490700, 'C13')",1.3344892647982112,1.8476362732405507
"(2490700, 'H21')",2.877546180582463,-1.4483859684344764
"(2490700, 'L08')",4.160806636685487,1.09391728787961
"(2490700, 'M09')",-2.5395374619516753,-7.465460484538774
"(2490700, 'M18')",-11.303698265820831,-8.082242340457674
"(2490700, 'F22')",1.0864429664076438,-6.540723338674233
"(2490700, 'C14')",2.9845873678920176,-3.521595910518358
"(2490700, 'I08')",1.190112334883027,1.873963588527093
"(2490700, 'N05')",4.8330647910831885,-4.677050437674048
"(2490700, 'G19')",2.6382393281864416,-4.416073992004053
"(2490700, 'G05')",-0.13455112957778606,2.2313362630138682
"(2490700, 'M16')",4.7680023149405635,2.9188252233584935
"(2490700, 'E20')",4.629804069860598,2.0614507469458796
"(2490700, 'D18')",5.70739589664306,-0.8081236042048219
"(2490700, 'K20')",4.483222735180591,-4.851563471701853
"(2490700, 'D14')",3.408949820820244,-1.9744106185024384
"(2490700, 'H22')",3.2547365700046105,-3.5388734992786075
"(2490700, 'J13')",2.1964541329509557,-0.8331845405973751
"(2490700, 'K14')",1.8581294224868548,-4.438112273493242
"(2490700, 'M21')",-16.430042035523098,-1.9657937219016066
"(2490700, 'K12')",-3.3684409356818006,-9.988598087024432
"(2490700, 'H14')",-11.023111049595048,-5.597932827203314
"(2490700, 'J12')",4.65158840836639,-0.1403797219151116
"(2490700, 'C07')",2.310321141825219,-8.43741038396489
"(2490700, 'K21')",2.4112308262938793,-3.7825337300768216
"(2490700, 'D06')",2.7192313978298683,1.0806982601359427
"(2490700, 'M22')",5.152910446168604,7.032265792281563
"(2490700, 'D03')",-7.982883755708259,-4.85609468934959
"(2490700, 'F18')",2.0417254605891713,-5.386665480539994
"(2490700, 'K22')",1.0575412148554515,-3.079054664266922
"(2490700, 'M15')",1.6483370268495288,-3.3431079600179636
"(2490700, 'M14')",-8.468249806757033,5.035206085914494
"(2490700, 'D15')",3.106697336409134,-1.749814784243748
"(2490700, 'H07')",4.199791473063632,1.494868537101885
"(2490700, 'I10')",0.7783770268762602,-8.281454540350152
"(2490700, 'C18')",6.267160748806007,2.740424252745001
"(2490700, 'N17')",3.7977288152407347,-5.669406258815809
"(2490700, 'E15')",1.536356580847437,-4.997217901249057
"(2490700, 'K05')",4.6321812893267715,1.7088355318585757
"(2490700, 'H20')",6.386353211877228,-2.1404113328758947
"(2490700, 'J16')",0.7466989938307079,-1.9665591019628716
"(2490700, 'H19')",0.9483335104247465,-6.055525882725698
"(2490700, 'E21')",-14.053475151462866,-6.458515894894811
"(2490700, 'K04')",8.153112845362,0.6402330612795306
"(2490700, 'G13')",0.7788005681771644,-6.929796532644817
"(2490700, 'N06')",6.6474094968192485,-2.3621554124540816
"(2490700, 'C12')",0.0013732919420791044,-4.631519396849917
"(2490700, 'E07')",-2.5047741063877846,-4.343237718001995
"(2490700, 'N08')",-2.149746814629357,-7.34583973473302
"(2490700, 'L15')",3.2352919389711396,-2.508316422824882
"(2490700, 'J22')",1.0938105572454297,-4.754380796283365
"(2490700, 'G16')",3.7152913855849046,-3.838580964909597
"(2490700, 'I21')",0.6920256889071,-3.6446612830992327
"(2490700, 'E22')",3.6978895443324395,1.2952212029599566
"(2490700, 'F20')",-3.1277413957952898,-7.311633418959935
"(2490700, 'J17')",6.072592390469399,-1.5683382424353096
"(2490700, 'N22')",6.745136175808255,2.231851834706794
"(2490700, 'H06')",2.160387900854435,-0.7861530242415925
"(2490700, 'M04')",2.8454152001577935,-1.580370246318336
"(2490700, 'L10')",-18.30347496438143,7.305986679876132
"(2490700, 'G10')",5.311333046167,-2.1304824782921408
"(2490700, 'L17')",5.221161642491695,2.5361781648365045
"(2490700, 'K06')",3.258260597800634,-1.75017514447524
"(2490700, 'N04')",2.9283930662514237,-5.771942922120568
"(2490700, 'E17')",2.98557896616593,-0.9520475221896335
"(2490700, 'F03')",2.3079031130767698,2.1600373553375625
"(2490700, 'C08')",-1.3119435598690747,6.241944452670554
"(2490700, 'J06')",1.9511348653649785,0.06874360025946243
"(2490700, 'M07')",6.364085426671694,-0.003823210892120014
"(2490700, 'D09')",4.611455249739585,2.7900663408170776
"(2490700, 'K17')",0.2508479799878595,-0.34498647105340446
"(2490700, 'D08')",1.7857158703218454,2.71716413856201
"(2490700, 'L07')",4.523202336246081,-3.425444698038851
"(2490700, 'J14')",0.4489231784975212,-4.350599070778001
"(2490700, 'F10')",7.595016921634796,1.5533370911667683
"(2490700, 'H04')",5.667897936208159,0.012052246993407411
"(2490700, 'L14')",-1.5559708083870203,-7.332741253856653
"(2490700, 'G11')",4.745510517725823,2.2812550840205374
"(2490700, 'J20')",3.255202555755836,1.4009156091903538
"(2490700, 'I20')",5.819246202589686,-0.8251592232329356
"(2490700, 'F07')",3.4576273460096103,1.0299272170823361
"(2490700, 'D19')",-3.719399225310525,-7.705730158022569
"(2490700, 'I09')",-3.0011579853562975,-0.31979905067034015
"(2490700, 'I07')",2.465807917680602,-7.559414089062149
"(2490700, 'E19')",0.6921166366604994,-5.386359294816162
"(2490700, 'D11')",3.475160774761712,-2.1411646081521765
"(2490700, 'H13')",5.4318894043254975,-3.327447433011513
"(2490700, 'G22')",3.49053676145735,-7.976809183798265
"(2490700, 'E09')",3.809910647144605,-0.030481770143564926
"(2490700, 'E06')",4.098825704572591,-5.2460417985125485
"(2490700, 'M05')",4.174053220344126,-1.8787907088100386
"(2490700, 'K15')",4.855652588828373,-3.814199627833666
"(2490700, 'L16')",6.709276048885218,-2.535425379135288
"(2490700, 'D04')",6.400077557408413,4.238099931070454
"(2490700, 'C15')",3.0708454915430288,-4.9594056529301955
"(2490700, 'K13')",1.237560235696128,-9.327500545139538
"(2490700, 'G06')",2.606821619213629,0.3770365229992318
"(2490700, 'G07')",5.75072422786947,-4.525580831515586
"(2490700, 'J04')",8.138398328026154,5.622012222518754
"(2490700, 'F04')",3.8985439183239055,-0.8275027979891952
"(2490700, 'H03')",2.1157521125409415,-2.974993197703884
"(2490700, 'N03')",1.8727245239552186,-7.74779356827152
"(2490700, 'N12')",3.4311002716621553,-3.42926713124461
"(2490700, 'J21')",3.875022825900051,-1.2535067666573492
"(2490700, 'C11')",4.560612447378567,0.18317877423411713
"(2490700, 'E18')",4.329290732256889,0.11666000648299765
"(2490700, 'G20')",4.26317514856412,-1.8526124580537071
"(2490700, 'C21')",4.424647399799893,-5.532550677705439
"(2490700, 'I13')",-0.28259578296858845,1.3532478414643672
"(2490700, 'J03')",5.367703974640854,-1.2272432201906054
"(2490700, 'D10')",-5.273073099394346,-10.48826194208008
"(2490700, 'D05')",3.321093916525589,-3.9808740717388167
"(2490700, 'M03')",1.0344825011144834,-7.09147983526102
"(2490700, 'F08')",5.9519321538836065,4.974401508006539
"(2490700, 'M19')",-0.9402247643908637,-4.313271230495058
"(2490700, 'K11')",6.023156647884124,-0.7362242978636954
"(2490700, 'I19')",2.12887998238818,-5.1504921778452255
"(2490700, 'L12')",6.164323724519594,-0.8999096136818864
"(2490700, 'F12')",7.137760425415285,2.88103111873387
"(2490700, 'D20')",2.802074907687151,-3.6528406083016103
"(2490700, 'K08')",-5.693408017861662,-3.1724226202536077
"(2490700, 'G17')",2.0076224296994587,-1.7473149823618808
"(2490700, 'E13')",5.919703780949104,-0.8914776503519006
"(2490700, 'H09')",6.165598632833546,2.8200287063655134
"(2490700, 'C05')",2.6905602631174785,0.5219583040143879
"(2490700, 'C03')",7.198879170353067,1.4873576319398072
"(2490700, 'N09')",1.307204249939369,-6.3921557301449585
"(2490700, 'K10')",2.4814545767838516,-3.4364409324890426
"(2490700, 'J09')",2.1213680020991403,1.3576002115008583
"(2490700, 'G15')",2.6672815722453667,-0.8161587830933202
"(2490700, 'H15')",0.8012740247452049,2.4295630498867116
"(2490700, 'E16')",4.234649168071715,0.30562955797474683
"(2490700, 'N18')",4.871142638151678,0.5163528604193169
"(2490700, 'H16')",5.125813450394338,-0.7394505828896837
"(2490700, 'I22')",4.025293832889843,-1.0893192384123784
"(2490700, 'L11')",3.585277125560138,-4.038116080138664
"(2490700, 'F11')",5.131736035344417,0.011379129675899099
"(2490700, 'F17')",2.5682671203927496,1.2712115931103736
"(2490700, 'I04')",1.8658525273816362,-1.7389344242375682
"(2490700, 'F16')",-0.018756581326688962,-0.9221632660181699
"(2490700, 'L13')",5.839896525332393,3.426147192664614
"(2490700, 'L03')",2.9028902152534313,-3.7898072105877247
"(2490700, 'F19')",5.514494383995221,-0.8464356809290521
"(2490700, 'D07')",5.044700386025118,1.958356035556573
"(2490700, 'H17')",3.204059288667756,4.066636982881648
"(2490700, 'C06')",3.2379480379299785,-0.5035365775940178
"(2490700, 'I11')",2.573479332404789,-5.5036583787330535
"(2490700, 'N20')",2.376432520034183,-2.5408754856941824
"(2490700, 'L20')",5.7233704248126145,0.8988405995568193
"(2490700, 'L22')",4.503862483585553,1.663167961543141
"(2490700, 'L21')",2.1040983725949234,-1.1729899063519904
"(2490700, 'L05')",5.317247946028668,-4.207844152195662
"(2490700, 'I18')",4.1676002705344,-2.28942221568075
"(2490700, 'F15')",2.2505346549189222,-0.199810670567674
"(2490700, 'G08')",0.02553764109799206,-7.4095922760605095
"(2490700, 'J10')",4.166213615281067,0.04497565825497477
"(2490700, 'N10')",3.3212065053250854,-4.554756645274734
"(2490700, 'K07')",5.196955410428301,-0.7291025831784965
"(2490700, 'M13')",4.258307216190785,-5.387584847058422
"(2490700, 'C22')",6.422450845786883,1.0807381234440419
"(2490700, 'C04')",-10.11122014738527,-3.291828493684631
"(2490700, 'F21')",2.0543584109257855,-3.9302423799763213
"(2490700, 'J19')",4.567923509894686,0.23749390295579834
"(2490700, 'I15')",3.398872570190694,-3.7811860264523816
"(2490700, 'D12')",4.385170410198865,0.5897279560620577
"(2490700, 'C10')",4.206603214068229,-3.80520031352211
"(2490700, 'F14')",5.113513358907978,-0.38822078852274877
"(2490700, 'D21')",5.055569036945862,1.6669846823547525
"(2490700, 'M11')",3.6477818336042884,-0.7815645642466085
"(2490700, 'K09')",-3.1284779274158727,-4.107475575522791
"(2490700, 'C17')",8.219752486129527,7.041224558795981
"(2490700, 'C09')",1.2146499960687571,5.445074963252764
"(2490700, 'M06')",4.029051936181234,2.918609029809419
"(2490700, 'F05')",4.319478192650895,4.90058917897693
"(2490700, 'C20')",4.075007463105097,-0.44424378518977686
"(2490700, 'F13')",4.911061576039519,-0.6503635404040268
"(2490700, 'E11')",6.516650441612056,1.6973292502510835
"(2490700, 'D16')",0.7872512114454625,-3.8475834799844892
"(2490700, 'G18')",3.7114438282670017,-1.7491618399135023
"(2490700, 'I03')",6.243190059109165,2.833457225445527
"(2490700, 'G12')",2.8667969926335553,-4.063185816408506
"(2490700, 'E14')",5.054961701696692,2.3385484524881037
"(2490700, 'E10')",4.192697767687792,1.9001694545951102
"(2490700, 'D22')",-1.9189091550818893,-5.807667052742412
"(2490700, 'I05')",5.123704906314321,3.33338156428911
"(2490700, 'G21')",5.727538627528554,-2.8794051841506767
"(2490700, 'G09')",4.7632811236627335,-0.2780120481196065
"(2490700, 'L18')",4.534479354668605,-5.39160092978671
"(2490700, 'K03')",2.799976040332875,-6.519795441445534
"(2490700, 'G04')",3.6482792033254623,-0.05522174301120568
"(2490700, 'H11')",0.8104654957035178,-5.129681992996986
"(2490700, 'N11')",6.100248562902374,1.9542479219082016
"(2490700, 'H08')",4.221923531520988,-0.5366832009700866
"(2490700, 'L19')",2.9625977712440066,-5.238566077667692
"(2490700, 'N19')",3.356287153307137,-3.0528572173733557
"(2490700, 'J07')",7.088920583475435,7.198985792055785
"(2490700, 'I14')",1.152889726375374,-6.553184912193852
"(2490700, 'G03')",-2.3923755766548327,-5.641513150509874
"(2490700, 'N14')",3.708744048612483,-1.1509322644766367
"(2490700, 'J08')",2.7672854095402926,1.7593269773801408
"(2490700, 'I17')",-6.576009763620028,-0.8467355174122654
"(2490700, 'J05')",4.940612341637028,1.3685408333038291
"(2490700, 'E04')",4.18406693078786,4.993705167683992
"(2490700, 'E12')",3.549426458440056,1.5572320833408306
"(2490700, 'G14')",-4.764628745467753,-3.341427693085443
"(2490700, 'H10')",4.558528355931668,1.3243792290986505
"(2490700, 'H05')",-5.283576208758754,-8.042152059085339
"(2490700, 'H18')",-4.912585817883139,-11.997353541030193
